Первая поклёвка	Перший клювок
Поймай первую рыбу	Злови першу рибу
Рыбак	Рибалка
Поймай 25 рыб	Злови 25 риб
Трофей	Трофей
Поймай щуку или сома	Злови щуку або сома
Грибник	Грибник
Собери 30 грибов в лесу	Збери 30 грибів у лісі
Водитель	Водій
Проедь 10 км	Проїдь 10 км
Дальнобойщик	Далекобійник
Проедь 100 км	Проїдь 100 км
С правами	З правами
Сдай экзамен в автошколе	Склади іспит в автошколі
Гонщик	Гонщик
Обгони Кольку	Обжени Кольку
Таксист	Таксист
Отвези 10 пассажиров	Відвези 10 пасажирів
Хлебовоз	Хлібовоз
Развези хлеб 10 раз	Розвези хліб 10 разів
Пахарь	Орач
Вспаши поле 5 раз	Зори поле 5 разів
Трудяга	Трудяга
Отработай 20 смен в колхозе и на складе	Відпрацюй 20 змін у колгоспі та на складі
Свой человек	Свій чоловік
Выполни 10 поручений	Виконай 10 доручень
Везунчик	Щасливчик
Выиграй в лотерею 500 грн и больше	Виграй у лотерею 500 грн і більше
Автопарк	Автопарк
Купи все три машины в салоне	Купи всі три машини в салоні
Бизнесмен	Бізнесмен
Выкупи своё дело	Викупи свою справу
Хозяин Каменки	Господар Кам'янки
Построй кирпичный дом	Збудуй цегляний будинок
Четыре сезона	Чотири сезони
Проживи в Каменке 28 дней	Проживи в Кам'янці 28 днів
Отличник	Відмінник
Получи аттестат в школе № 1	Отримай атестат у школі № 1
Первая любовь	Перше кохання
Стань парнем Оли	Стань хлопцем Олі
Весь район	Увесь район
Побывай во всех двенадцати сёлах района	Побувай в усіх дванадцяти селах району
Достижение: «%s» — %s (%d из %d, журнал J)	Досягнення: «%s» — %s (%d з %d, журнал J)
Баба Галя	Баба Галя
Поймай к ужину три рыбки — на уху	Злови до вечері три рибки — на юшку
Бригадир Петрович	Бригадир Петрович
Выйди сегодня на смену в колхоз — сено горит	Вийди сьогодні на зміну в колгосп — сіно горить
Кладовщик	Комірник
Нужен грузчик на смену на склад в городе	Потрібен вантажник на зміну на склад у місті
Сельмаг	Сільмаг
Хлеба не хватает — привези со склада	Хліба бракує — привези зі складу
Диспетчер такси	Диспетчер таксі
Два заказа сегодня — довези пассажиров	Два замовлення сьогодні — довези пасажирів
Механик Васёк	Механік Васько
Обкатай машину после ремонта — проедь 3 км	Обкатай машину після ремонту — проїдь 3 км
Колька	Колька
Реванш! Обгонишь меня сегодня до моста?	Реванш! Обженеш мене сьогодні до мосту?
Дед Михалыч	Дід Михалич
Съезди заправься — завтра за удочками поедем	З'їзди заправся — завтра по вудки поїдемо
Вспаши поле на тракторе — наряд у сарая	Зори поле на тракторі — наряд біля сараю
Почтальонка Оля	Листоноша Оля
Заработай сегодня хоть тысячу — на ярмарке пригодится	Заробі сьогодні хоч тисячу — на ярмарку знадобиться
ларёк у склада	ятка біля складу
СТО у трассы	СТО біля траси
автопарк	автопарк
ларёк Жоры в Озерцово	ятка Жори в Озерцевому
ферма у Каменки	ферма біля Кам'янки
клуб «Каменка»	клуб «Кам'янка»
клуб «Метелица»	клуб «Метелиця»
холодильник и новая витрина	холодильник і нова вітрина
второй продавец и торговля допоздна	другий продавець і торгівля допізна
второй подъёмник	другий підйомник
покрасочная камера	фарбувальна камера
диспетчер с рацией	диспетчер з рацією
новые машины в парк	нові машини в парк
доильный аппарат	доїльний апарат
ещё двенадцать коров	ще дванадцять корів
новый звук и свет	новий звук і світло
бар и вип-зона	бар і віп-зона
механик Васёк	механік Васько
Дядя Владик	Дядько Владик
Банк: на вклад начислено +%d грн (10%% годовых), на счету %d грн	Банк: на вклад нараховано +%d грн (10%% річних), на рахунку %d грн
Доход с твоего дела за день: +%d грн, налог %d%% — %d грн, на руки +%d грн%s	Дохід з твоєї справи за день: +%d грн, податок %d%% — %d грн, на руки +%d грн%s
(Жора переманивает покупателей)	(Жора переманює покупців)
Автопарк простаивает: нужно три своих машины, сейчас %d	Автопарк простоює: потрібно три свої машини, зараз %d
В Озерцово Жора открыл свой ларёк — половина покупателей теперь у него. Перекупи его ларёк или устрой у себя три дня акции	В Озерцевому Жора відкрив свою ятку — половина покупців тепер у нього. Перекупи його ятку або влаштуй у себе три дні акції
Звонок — %s: «%s». Награда %d грн	Дзвінок — %s: «%s». Нагорода %d грн
Поручение выполнено — %s благодарит: +%d грн	Доручення виконано — %s дякує: +%d грн
— %d / %d м	— %d / %d м
» Поручение (%s): %s%s	» Доручення (%s): %s%s
улучшение	покращення
%s: %s! Теперь %d-й уровень, +%d грн в день (до налога)	%s: %s! Тепер %d-й рівень, +%d грн на день (до податку)
%s теперь работает у тебя: +%d грн в день к доходу	%s тепер працює в тебе: +%d грн на день до доходу
Жора продал свой ларёк! Теперь в Озерцово тоже твоя торговля: +%d грн в день	Жора продав свою ятку! Тепер в Озерцевому теж твоя торгівля: +%d грн на день
Жора не выдержал акций и закрыл ларёк — покупатели снова у тебя!	Жора не витримав акцій і закрив ятку — покупці знову в тебе!
Акция «дешевле, чем у Жоры»: день %d из %d	Акція «дешевше, ніж у Жори»: день %d з %d
Для автопарка нужно %d своих машины — сейчас %d	Для автопарку потрібно %d своїх машини — зараз %d
Теперь %s — твоё! Каждое утро +%d грн дохода	Тепер %s — твоє! Щоранку +%d грн доходу
, журнал — J, управление — F1	, журнал — J, керування — F1
, журнал — кнопка «Журнал»	, журнал — кнопка «Журнал»
(кнопка «Еда»)	(кнопка «Їжа»)
— «Журнал»)	— «Журнал»)
. Автомат: W — газ, S — тормоз и назад. T — механика, V — вид	. Автомат: W — газ, S — гальмо і назад. T — механіка, V — вид
: крути руль пальцем, педали справа, рычаг D/R — вперёд или назад	: крути кермо пальцем, педалі праворуч, важіль D/R — вперед або назад
(W — завести)	(W — завести)
(«Газ» — завести)	(«Газ» — завести)
T — коробка, V — вид	T — коробка, V — вид
«Вид» — камера	«Вид» — камера
Не хватает денег: нужно %d грн	Бракує грошей: потрібно %d грн
День %d, %s	День %d, %s
Почта	Пошта
Попутчик	Попутник
Заправщик	Заправник
Дворник	Двірник
Садовник в Липках	Садівник у Липках
Колхоз, сено	Колгосп, сіно
Склад, грузчик	Склад, вантажник
Лесоруб	Лісоруб
Рейсовый автобус	Рейсовий автобус
Механик на СТО	Механік на СТО
Завод «Искра»	Завод «Іскра»
новичок	новачок
опытный	досвідчений
мастер	майстер
стажёр	стажер
работник	працівник
старший	старший
начальник смены	начальник зміни
ур. %d/%d · %s	рів. %d/%d · %s
%s: новый уровень %d/%d — %s, плата ×%s	%s: новий рівень %d/%d — %s, оплата ×%s
Вперёд / газ	Вперед / газ
Назад / тормоз	Назад / гальмо
Влево / руль влево	Ліворуч / кермо ліворуч
Вправо / руль вправо	Праворуч / кермо праворуч
Прыжок / ручник	Стрибок / ручник
Бег / сцепление (механика)	Біг / зчеплення (механіка)
Присесть	Присісти
Действие, сесть, выйти	Дія, сісти, вийти
Съесть из запаса	З'їсти із запасу
Сигнал	Сигнал
Свет: авто, габариты, ближний, выкл	Світло: авто, габарити, ближнє, вимк
Дальний свет	Дальнє світло
Поворотник налево	Поворотник ліворуч
Поворотник направо	Поворотник праворуч
Вид	Вид
Зажигание	Запалювання
Автомат / механика	Автомат / механіка
Радио	Радіо
Карта	Мапа
Журнал	Журнал
Передача выше	Передача вище
Передача ниже	Передача нижче
1-я передача	1-а передача
2-я передача	2-а передача
3-я передача	3-я передача
4-я передача	4-а передача
5-я передача	5-а передача
Нейтраль	Нейтраль
Задняя передача	Задня передача
Пробел	Пробіл
Хочется пить. Колонка на деревенской улице — бесплатно, вода есть в магазинах	Хочеться пити. Колонка на сільській вулиці — безкоштовно, вода є в магазинах
Хочется есть. Еда — в сельмаге или в городском ларьке, съесть — Q	Хочеться їсти. Їжа — в сільмазі або в міському кіоску, з'їсти — Q
Слипаются глаза. Пора домой спать — иначе упадёшь где стоишь	Злипаються очі. Час додому спати — інакше впадеш, де стоїш
Живот сводит от голода. Не поешь за три часа — упадёшь в обморок	Живіт зводить від голоду. Не поїси за три години — знепритомнієш
Свалился от усталости.	Звалився від утоми.
Потерял сознание от голода.	Знепритомнів від голоду.
Еды нет. Купи в сельмаге или в городском ларьке	Їжі немає. Купи в сільмазі або в міському кіоску
Поел. Сытость %d%%	Поїв. Ситість %d%%
штукатуренный дом под шифером	тинькований будинок під шифером
кирпичный дом под черепицей	цегляний будинок під черепицею
двухэтажный коттедж с балконом и беседкой	двоповерховий котедж з балконом і альтанкою
паспорт	паспорт
справка о прописке	довідка про реєстрацію
трудовая книжка	трудова книжка
медсправка водителя	медична довідка водія
аттестат о среднем образовании	атестат про середню освіту
Картошка на огороде поспела — пора копать	Картопля на городі достигла — час копати
Не успел: хлеб в сельмаге уже не ждут. Заказ сорван	Не встиг: хліб у сільмазі вже не чекають. Замовлення зірвано
«%s» и так целая — ремнабор не нужен	«%s» і так ціла — ремнабір не потрібен
Подлатал «%s» ремнабором: состояние %d%%. Осталось ремнаборов: %d	Підлатав «%s» ремнабором: стан %d%%. Залишилось ремнаборів: %d
У «%s» бак полный — канистра не нужна	У «%s» бак повний — каністра не потрібна
Залил из канистры %d л в «%s»: в баке %d л. В канистрах осталось %d л	Залив із каністри %d л у «%s»: у баку %d л. У каністрах залишилось %d л
Хлеб бьётся! Целых буханок: %d%%	Хліб б'ється! Цілих буханок: %d%%
E — посадить картошку (семена %d грн)	E — посадити картоплю (насіння %d грн)
E — выкопать картошку (%d в запас еды)	E — викопати картоплю (%d у запас їжі)
E — полить картошку из колодца (урожай больше) · копать через %d ч	E — полити картоплю з криниці (урожай більший) · копати через %d год
Картошка полита. Копать через %d ч	Картоплю полито. Копати через %d год
В темноте не посадишь. Приходи утром	У темряві не посадиш. Приходь зранку
Сажаю картошку	Саджу картоплю
Посадил картошку. Через трое суток — копать	Посадив картоплю. Через три доби — копати
Копаю картошку	Копаю картоплю
Выкопал картошку: +%d в запас еды (Q)%s	Викопав картоплю: +%d у запас їжі (Q)%s
— полив не зря!	— полив не дарма!
В темноте не полить. Приходи утром	У темряві не поллєш. Приходь зранку
Поливаю картошку	Поливаю картоплю
Полил картошку. Урожай будет: %d	Полив картоплю. Урожай буде: %d
Доставка: хлеб в сельмаг «Каменка» — осталось %d мин, хлеб целый на %d%%	Доставка: хліб у сільмаг «Кам'янка» — залишилось %d хв, хліб цілий на %d%%
Цель выполнена: у тебя лучший дом в Каменке!	Мету досягнуто: у тебе найкращий дім у Кам'янці!
Цель: накопить %d грн — прораб у калитки построит %s	Мета: накопичити %d грн — виконроб біля хвіртки збудує %s
Дом и так лучший в селе	Дім і так найкращий у селі
Бригада отработала день — теперь у тебя %s!	Бригада відпрацювала день — тепер у тебе %s!
Хлеб уже в машине — вези в сельмаг	Хліб уже в машині — вези в сільмаг
Погрузили хлеб. Вези аккуратно, быстрее чем за %d мин — премия	Завантажили хліб. Вези обережно, швидше ніж за %d хв — премія
Хлеб доставлен: +%d грн	Хліб доставлено: +%d грн
, с премией за скорость	, з премією за швидкість
. Помято %d%% хлеба — вычли	. Пом'ято %d%% хліба — вирахували
ВХХ № %06d	ВХХ № %06d
нет	немає
Не удалось сохранить:	Не вдалося зберегти:
Игра сохранена (F9 — загрузить)	Гру збережено (F9 — завантажити)
пусто	порожньо
повреждено	пошкоджено
день %d, %d грн	день %d, %d грн
Сохранений пока нет. F5 — сохранить	Збережень поки немає. F5 — зберегти
Файл сохранения повреждён	Файл збереження пошкоджено
Игра загружена — ты дома, техника во дворе	Гру завантажено — ти вдома, техніка у дворі
Как экран	Як екран
Без огранич.	Без обмеж.
Выкл	Вимк
Обычный	Звичайний
Медленный	Повільний
Очень медл.	Дуже повільн.
Игра шла медленно — детализация снижена до «%s». Вернуть — в «Настройках»	Гра йшла повільно — деталізацію знижено до «%s». Повернути — в «Налаштуваннях»
низкая	низька
средняя	середня
Игра шла медленно — картинка чуть проще, зато плавнее	Гра йшла повільно — картинка трохи простіша, зате плавніша
сглаживание краёв выключено	згладжування країв вимкнено
чёткость 3D — 85 %	чіткість 3D — 85 %
тени и блеск попроще, трава ближе	тіні та блиск простіші, трава ближче
чёткость 3D — 75 %	чіткість 3D — 75 %
детализация низкая	деталізація низька
чёткость 3D — 62 %	чіткість 3D — 62 %
чёткость 3D — 50 %	чіткість 3D — 50 %
Чтобы держать %d FPS: %s. Вернуть — в «Настройках»	Щоб тримати %d FPS: %s. Повернути — в «Налаштуваннях»
%s — ещё %d мин	%s — ще %d хв
%s — готово. %s	%s — готово. %s
вс	нд
пн	пн
вт	вт
ср	ср
чт	чт
пт	пт
сб	сб
День %d (%s), %02d:%02d	День %d (%s), %02d:%02d
Работаю	Працюю
ясно	ясно
пасмурно	хмарно
туман	туман
дождь	дощ
гроза	гроза
лето	літо
осень	осінь
зима	зима
весна	весна
метель	хуртовина
снег	сніг
Гроза! Лучше переждать под крышей — и на машине осторожнее	Гроза! Краще перечекати під дахом — і на машині обережніше
Пошёл снег. Дороги скользкие — на машине тормози заранее	Пішов сніг. Дороги слизькі — на машині гальмуй заздалегідь
Пошёл дождь. Грунтовки раскиснут — на машине осторожнее	Пішов дощ. Ґрунтовки розкиснуть — на машині обережніше
Вид: %s	Вид: %s
от третьего лица	від третьої особи
от первого лица	від першої особи
Первое утро	Перший ранок
Позавтракай — съешь что-нибудь из запаса (Q)	Поснідай — з'їж щось із запасу (Q)
Выйди во двор и открой карту (M)	Вийди у двір і відкрий мапу (M)
Старый мопед	Старий мопед
Прокатись на мопеде «Карпаты» 500 м (он во дворе)	Прокотися на мопеді «Карпати» 500 м (він у дворі)
Заправься на АЗС у трассы	Заправся на АЗС біля траси
Первые деньги	Перші гроші
Заработай 800 грн: посылки на почте, склад, колхоз, АЗС, рыбалка	Зароби 800 грн: посилки на пошті, склад, колгосп, АЗС, риболовля
Права	Права
Получи паспорт в сельсовете и медсправку в больнице	Отримай паспорт у сільраді та медичну довідку в лікарні
Сдай на права в автошколе в городе (на учебной «Семёрке»)	Склади на права в автошколі в місті (на навчальній «Сімці»)
Первая машина	Перша машина
Купи первую машину: соседскую «Семёрку» напротив дома или в автосалоне	Купи першу машину: сусідську «Сімку» навпроти дому або в автосалоні
Свой среди своих	Свій серед своїх
Выполни две просьбы жителей (поговори с ними — E)	Виконай два прохання мешканців (поговори з ними — E)
Новый дом	Новий дім
Накопи 12 000 грн — прораб у калитки построит дом	Накопич 12 000 грн — виконроб біля хвіртки збудує дім
Накопи 30 000 грн на кирпичный дом	Накопич 30 000 грн на цегляний будинок
Огни города	Вогні міста
Позови Олю гулять и прокатись с ней на колесе обозрения в городском парке	Поклич Олю гуляти і прокотися з нею на оглядовому колесі в міському парку
Бурса	Бурса
Пройди 3 урока на курсах автослесаря в бурсе (урок в день, 8:00–17:00)	Пройди 3 уроки на курсах автослюсаря в бурсі (урок на день, 8:00–17:00)
Сдай экзамен в бурсе — получи корочку автослесаря	Склади іспит у бурсі — отримай посвідчення автослюсаря
Подмастерье	Підмайстер
Отработай 2 смены на СТО «Автосервис» в городе	Відпрацюй 2 зміни на СТО «Автосервіс» у місті
Заработай 3000 грн	Зароби 3000 грн
Поговори с механиком Васьком на СТО у Каменки — у него к тебе дело	Поговори з механіком Васьком на СТО біля Кам'янки — у нього до тебе справа
Хозяин нашей СТО на пенсию собрался, мастерскую продаёт — 15 000. Выкупишь — пойду к тебе механиком, вдвоём озолотимся!	Власник нашої СТО на пенсію зібрався, майстерню продає — 15 000. Викупиш — піду до тебе механіком, удвох озолотимося!
Своё СТО	Своє СТО
Выкупи СТО у Каменки за 15 000 грн (табличка у ворот)	Викупи СТО біля Кам'янки за 15 000 грн (табличка біля воріт)
Найми Васька механиком — поговори с ним	Найми Васька механіком — поговори з ним
По рукам, начальник! С утра открываю ворота — клиенты повалят. Доход с СТО теперь больше на 300 в день.	По руках, начальнику! Зранку відчиняю ворота — клієнти повалять. Дохід із СТО тепер більший на 300 на день.
Свадьба	Весілля
Стань Оле парнем: симпатия 70 (разговоры, подарки, катание, танцы)	Стань хлопцем Олі: симпатія 70 (розмови, подарунки, катання, танці)
Купи кольцо и свадебное платье на городском рынке (лавка «К свадьбе»)	Купи обручку і весільну сукню на міському ринку (ятка «До весілля»)
Своди Олю в «Метелицу» и закажи столик (дискотека в городе, с 21:00)	Своди Олю в «Метелицю» і замов столик (дискотека в місті, з 21:00)
Признайся Оле и сделай предложение — в разговоре с ней	Зізнайся Олі та зроби пропозицію — у розмові з нею
Свадьба: приведи Олю в сельсовет Каменки — там распишут (8:00–17:00, кроме вс)	Весілля: приведи Олю в сільраду Кам'янки — там розпишуть (8:00–17:00, крім нд)
Рейсовый	Рейсовий
Сдай в автошколе на категорию D (автобус)	Склади в автошколі на категорію D (автобус)
Оформи трудовую книжку в сельсовете	Оформи трудову книжку в сільраді
Отъезди 2 рейса на рейсовом автобусе (у городской остановки, 500 грн за рейс)	Від'їзди 2 рейси на рейсовому автобусі (біля міської зупинки, 500 грн за рейс)
Хозяин района	Господар району
Выкупи ларёк у склада в городе (5000 грн)	Викупи ятку біля складу в місті (5000 грн)
Разберись с Жорой из Озерцово: перекупи его ларёк или устрой у своего три дня акции	Розберися з Жорою з Озерцевого: перекупи його ятку або влаштуй у своїй три дні акції
Открой автопарк: нужны три своих машины (табличка у гаражей в городе)	Відкрий автопарк: потрібні три свої машини (табличка біля гаражів у місті)
Мастер на все руки	Майстер на всі руки
Развези хлеб по сёлам (хлебозавод у рынка в городе, с 5:00 до 12:00)	Розвези хліб по селах (хлібозавод біля ринку в місті, з 5:00 до 12:00)
Подмети площадь и парк — работа дворником в городе	Підмети площу і парк — робота двірником у місті
Подстриги газоны в Липках — садовник у въезда	Підстрижи газони в Липках — садівник біля в'їзду
Отработай смену лесорубом — «Делянка» в лесу у дороги в Липки	Відпрацюй зміну лісорубом — «Ділянка» в лісі біля дороги в Липки
Правая рука Владика	Права рука Владика
Заслужи у Дяди Владика полное доверие — работа, запчасти, помощь (гараж у трассы)	Заслужи в Дядька Владика повну довіру — робота, запчастини, допомога (гараж біля траси)
Коллекционер	Колекціонер
Собери 5 единиц своей техники и загляни в свой гараж у дома	Збери 5 одиниць своєї техніки і зазирни у свій гараж біля дому
Наезди 30 км на своей технике	Наїзди 30 км на своїй техніці
Свой дом в Липках	Свій дім у Липках
Купи дом №1 в дорогом районе «Липки» (150 000 грн, юго-запад за лесом)	Купи дім №1 у дорогому районі «Липки» (150 000 грн, південний захід за лісом)
Легенда района	Легенда району
Заработай 100 000 грн	Зароби 100 000 грн
Уха для бабы Гали	Юшка для баби Галі
Сынок, поймай мне пару рыбок на уху — пирожками угощу.	Синку, злови мені пару рибок на юшку — пиріжками пригощу.
Вот это улов! Держи деньги и пирожки, горяченькие.	Оце улов! Тримай гроші й пиріжки, гарячі.
Принеси бабе Гале 2 рыбы (пруд, мостки)	Принеси бабі Галі 2 риби (ставок, кладка)
Картошка для деда	Картопля для діда
Спина не гнётся, огород не вскопал. Принеси три картошки, а?	Спина не гнеться, город не скопав. Принеси три картоплини, га?
Выручил, ей-богу. На, возьми за труды.	Виручив, їй-богу. На, візьми за труди.
Отдай деду Михалычу 3 еды из запаса	Віддай дідові Михаличу 3 їжі із запасу
Ударник труда	Ударник праці
Сено горит, людей нет. Отработаешь две смены — премию выпишу.	Сіно горить, людей немає. Відпрацюєш дві зміни — премію випишу.
Вот это по-нашему! Держи премию.	Оце по-нашому! Тримай премію.
Отработай 2 смены в колхозе	Відпрацюй 2 зміни в колгоспі
Вернись к бригадиру Петровичу	Повернися до бригадира Петровича
Лекарство для тёти Люды	Ліки для тітки Люди
Тётя Люда	Тітка Люда
Давление скачет, а до города не доехать. Купи мне лекарство в ларьке у склада?	Тиск скаче, а до міста не доїхати. Купиш мені ліки в кіоску біля складу?
Спасибо, родной! Вот, возьми за хлопоты.	Дякую, рідненький! Ось, візьми за клопіт.
Купи лекарство в городском ларьке	Купи ліки в міському кіоску
Отдай лекарство тёте Люде (остановка у трассы)	Віддай ліки тітці Люді (зупинка біля траси)
Школа механики	Школа механіки
На автомате и бабка поедет. А на механике проедешь километр? Жми T в машине.	На автоматі й бабця поїде. А на механіці проїдеш кілометр? Тисни T у машині.
Уважаю! Настоящий водитель. Держи.	Поважаю! Справжній водій. Тримай.
Проедь 1 км на механической коробке (T — переключить)	Проїдь 1 км на механічній коробці (T — перемкнути)
Вернись к механику Ваське на СТО	Повернися до механіка Васька на СТО
Почта Каменки	Пошта Кам'янки
Ноги не держат. Разнесёшь три письма? Синие почтовые ящики с надписью «ПИСЬМО» у калиток сразу увидишь.	Ноги не тримають. Рознесеш три листи? Сині поштові скриньки з написом «ЛИСТ» біля хвірток одразу побачиш.
Какой ты молодец! Вот, из моей зарплаты.	Який ти молодець! Ось, із моєї зарплати.
Разнеси 3 письма по ящикам с надписью «ПИСЬМО»	Рознеси 3 листи по скриньках з написом «ЛИСТ»
Вернись к почтальонке Оле	Повернися до листоноші Олі
Как новенькая	Як новенька
Мастер Николаич	Майстер Миколайович
Ездишь на убитом? Поставь хоть один узел новый — у меня, у стеллажа. Увидишь, как поедет.	Їздиш на вбитій? Постав хоч один вузол новий — у мене, біля стелажа. Побачиш, як поїде.
Другое дело! Машина — она уход любит. Держи за науку.	Інша справа! Машина — вона догляд любить. Тримай за науку.
Поменяй у своей машины хоть один узел на новый (мастер СТО «Автосервис»)	Заміни у своїй машині хоч один вузол на новий (майстер СТО «Автосервіс»)
Вернись к мастеру Николаичу на СТО «Автосервис»	Повернися до майстра Миколайовича на СТО «Автосервіс»
Ярмарочный день	Ярмарковий день
Продавщица Зоя	Продавчиня Зоя
Урожай девать некуда? Вези на ярмарку — продашь, приходи, расскажешь.	Урожай нема куди дівати? Вези на ярмарок — продаси, приходь, розкажеш.
Вот это торговля! На, премия от рынка.	Оце торгівля! На, премія від ринку.
Продай урожай на ярмарке	Продай урожай на ярмарку
Вернись к продавщице Зое у рынка	Повернися до продавчині Зої біля ринку
Народная дружина	Народна дружина
Лейтенант Сидоренко	Лейтенант Сидоренко
Людей в патруле не хватает. Отъездишь с нами смену — грамоту выпишу. И премию.	Людей у патрулі бракує. Від'їздиш із нами зміну — грамоту випишу. І премію.
Благодарность от отделения! Держи премию.	Подяка від відділення! Тримай премію.
Отъезди смену в милицейском патруле (отделение в городе)	Від'їзди зміну в міліцейському патрулі (відділення в місті)
Вернись к лейтенанту Сидоренко	Повернися до лейтенанта Сидоренка
Дворовый субботник	Дворова толока
Дворник Степаныч	Двірник Степанович
Спина отваливается. Поработай за меня на складе грузчиком — смену, а я тебе заплачу.	Спина відвалюється. Попрацюй за мене на складі вантажником — зміну, а я тобі заплачу.
Выручил старика! Держи.	Виручив старого! Тримай.
Отработай смену грузчиком на складе в городе	Відпрацюй зміну вантажником на складі в місті
Вернись к дворнику Степанычу во двор пятиэтажек	Повернися до двірника Степановича у двір п'ятиповерхівок
Гонщик из бурсы	Гонщик із бурси
Студент Димка	Студент Дімка
Говорят, Колька из Каменки всех обгоняет. Обгонишь его — с меня причитается!	Кажуть, Колька з Кам'янки всіх обганяє. Обженеш його — з мене могорич!
Ну ты дал! Вся бурса про тебя говорит.	Ну ти дав! Уся бурса про тебе говорить.
Обгони Кольку в гонке до моста (Каменка, у трассы)	Обжени Кольку в перегонах до мосту (Кам'янка, біля траси)
Вернись к студенту Димке у бурсы	Повернися до студента Дімки біля бурси
Уха по-озерцовски	Юшка по-озерцівськи
Дядя Коля из Озерцово	Дядько Коля з Озерцевого
Сети порвались, а гости на носу. Привези три рыбы — отблагодарю.	Сіті порвалися, а гості на носі. Привези три риби — віддячу.
Ай, молодец! Будет уха. Держи.	Ай, молодець! Буде юшка. Тримай.
Привези дяде Коле в Озерцово 3 рыбы	Привези дядькові Колі в Озерцеве 3 риби
Лекарство за реку	Ліки за річку
Бабка Нюра из Первомая	Бабця Нюра з Первомаю
Мост старый, до города не дойти. Купи мне лекарство в городском ларьке, сынок.	Міст старий, до міста не дійти. Купи мені ліки в міському кіоску, синку.
Дай бог здоровья! Возьми, не отказывайся.	Дай боже здоров'я! Візьми, не відмовляйся.
Отдай лекарство бабке Нюре в Первомае	Віддай ліки бабці Нюрі в Первомаї
Грибная охота	Грибне полювання
Грибник Толик из Тошиков	Грибник Толік із Тошиків
Спорим, пять грибов за день не найдёшь? В лесу их — косой коси.	Б'юся об заклад, п'ять грибів за день не знайдеш? У лісі їх — хоч косою коси.
Нашёл-таки! Проиграл я спор, держи.	Знайшов-таки! Програв я заклад, тримай.
Найди в лесу 5 грибов	Знайди в лісі 5 грибів
Вернись к грибнику Толику в Тошики	Повернися до грибника Толіка в Тошики
Мёд для Каменки	Мед для Кам'янки
Пасечник Иван из Заречья	Пасічник Іван із Заріччя
Обещал бабе Гале в Каменку банку мёда, а ехать не на чем. Отвезёшь?	Обіцяв бабі Галі в Кам'янку банку меду, а їхати нема на чому. Відвезеш?
Довёз? Вот спасибо! И тебе баночку.	Довіз? Оце дякую! І тобі баночку.
Отвези мёд бабе Гале в Каменку	Відвези мед бабі Галі в Кам'янку
Мёд от Ивана! Ой, уважил старуху.	Мед від Івана! Ой, догодив старій.
Вернись к пасечнику Ивану в Заречье	Повернися до пасічника Івана в Заріччя
Черника для тёти Люды	Чорниці для тітки Люди
Лесник Пётр из Сосновки	Лісник Петро із Соснівки
Черники ведро набрал — сестре в Каменку, Люде. Отвези, а?	Відро чорниць набрав — сестрі в Кам'янку, Люді. Відвези, га?
Довёз? Ну, спасибо, брат. Держи на дорогу.	Довіз? Ну, дякую, брате. Тримай на дорогу.
Отвези ведро черники тёте Люде в Каменку	Відвези відро чорниць тітці Люді в Кам'янку
От Петьки черника! Варенья наварю — заходи на чай.	Від Петька чорниці! Варення наварю — заходь на чай.
Вернись к леснику Петру в Сосновку	Повернися до лісника Петра в Соснівку
Провизия для сторожа	Провізія для сторожа
Сторож Михей из Красного Яра	Сторож Михей із Червоного Яру
Магазин у нас пустой. Привези с городского рынка поесть — две порции.	Магазин у нас порожній. Привези з міського ринку поїсти — дві порції.
Вот это пир! Спасибо, выручил.	Оце бенкет! Дякую, виручив.
Купи еды на рынке в городе	Купи їжі на ринку в місті
Отдай сторожу Михею в Красном Яре 2 еды	Віддай сторожу Михею в Червоному Яру 2 їжі
Подмени таксиста	Підміни таксиста
Дачница Вера из Берёзовки	Дачниця Віра з Березівки
Муж таксует в городе, а сегодня слёг. Отвези за него два заказа — нужны права.	Чоловік таксує в місті, а сьогодні зліг. Відвези за нього два замовлення — потрібні права.
Спасибо! Диспетчер даже не заметил.	Дякую! Диспетчер навіть не помітив.
Отвези 2 пассажиров на такси (стоянка в городе, нужны права)	Відвези 2 пасажирів на таксі (стоянка в місті, потрібні права)
Вернись к дачнице Вере в Берёзовку	Повернися до дачниці Віри в Березівку
Хлеб для Лужков	Хліб для Лужків
Доярка Таня из Лужков	Доярка Таня з Лужків
Хлеб к нам не возят — далеко. Возьми заказ на складе в городе, развези два раза.	Хліб до нас не возять — далеко. Візьми замовлення на складі в місті, розвези два рази.
Свежий хлеб! Спасибо, весь колхоз благодарит.	Свіжий хліб! Дякую, весь колгосп дякує.
Развези хлеб со склада в городе 2 раза	Розвези хліб зі складу в місті 2 рази
Вернись к доярке Тане в Лужки	Повернися до доярки Тані в Лужки
По родному краю	Рідним краєм
Вожатый Палыч из Горок	Вожатий Палич із Гірок
В лагере я детей по району водил. А ты наш район знаешь? Накатай десять километров — потом расскажешь.	У таборі я дітей районом водив. А ти наш район знаєш? Накатай десять кілометрів — потім розкажеш.
Вот теперь ты наш, районный! Держи.	Ось тепер ти наш, районний! Тримай.
Проедь 10 км по району	Проїдь 10 км районом
Вернись к вожатому Палычу в Горки	Повернися до вожатого Палича в Гірки
Разгрузка фуры	Розвантаження фури
Дальнобойщик Гриша из Заозерья	Далекобійник Гриша із Заозер'я
Грузчиков не дозовёшься, а фура стоит. Потаскай хоть пять грузов — на складе в городе или в колхозе, мне всё равно.	Вантажників не дозвешся, а фура стоїть. Потягай хоч п'ять вантажів — на складі в місті або в колгоспі, мені все одно.
Красавец! Фура пошла. Держи за работу.	Красень! Фура пішла. Тримай за роботу.
Перенеси 5 грузов: ящики на складе в городе или тюки в колхозе	Перенеси 5 вантажів: ящики на складі в місті або тюки в колгоспі
Вернись к дальнобойщику Грише в Заозерье	Повернися до далекобійника Гриші в Заозер'я
Пахота в Степном	Оранка в Степовому
Агроном Зина из Степного	Агроном Зіна зі Степового
Трактористов нет, поле стоит. Вспахал бы ты хоть одно — в Каменке трактор у сарая.	Трактористів немає, поле стоїть. Зорав би ти хоч одне — в Кам'янці трактор біля сараю.
Вспахал? Вот это хозяин! Держи.	Зорав? Оце господар! Тримай.
Вспаши поле на тракторе (наряд у колхозного сарая в Каменке)	Зори поле на тракторі (наряд біля колгоспного сараю в Кам'янці)
Вернись к агроному Зине в Степное	Повернися до агронома Зіни в Степове
Трофей Быстрой	Трофей Бистрої
Рыбак Лёня из Малиновки	Рибалка Льоня з Малинівки
В Быстрой сом живёт — во! Поймаешь трофейную рыбу — поверю, что ты рыбак.	У Бистрій сом живе — во! Зловиш трофейну рибу — повірю, що ти рибалка.
Трофей! Ну, рыбак. Уважаю.	Трофей! Ну, рибалка. Поважаю.
Поймай трофейную рыбу	Злови трофейну рибу
Вернись к рыбаку Лёне в Малиновку	Повернися до рибалки Льоні в Малинівку
Оживить Карпаты	Оживити Карпати
Пригоняй свои «Карпаты» — глянем, чего он у тебя не едет.	Приганяй свої «Карпати» — глянемо, чого він у тебе не їде.
Слышишь, как поёт? Вот теперь это мопед. Держи за работу — и приходи ещё.	Чуєш, як співає? Ось тепер це мопед. Тримай за роботу — і приходь ще.
Пригони «Карпаты» в гараж Дяди Владика (запад Каменки, у трассы)	Пожени «Карпати» в гараж Дядька Владика (захід Кам'янки, біля траси)
Осмотри двигатель с Владиком и найди неисправность (E у мопеда в гараже)	Оглянь двигун із Владиком і знайди несправність (E біля мопеда в гаражі)
Купи свечу зажигания у Владика («Купить запчасти»)	Купи свічку запалювання у Владика («Купити запчастини»)
Купи масло для двухтактника у Владика	Купи масло для двотактника у Владика
Проверь и подтяни цепь (E у мопеда)	Перевір і підтягни ланцюг (E біля мопеда)
Проверь бензокран и топливный фильтр (E у мопеда)	Перевір бензокран і паливний фільтр (E біля мопеда)
Ремонт: поставь свечу и залей масло (E у мопеда)	Ремонт: постав свічку і залий масло (E біля мопеда)
Заведи «Карпаты» (сядь и нажми R)	Заведи «Карпати» (сідай і натисни R)
Вернись к Дяде Владику	Повернися до Дядька Владика
Привези бензин	Привези бензин
Генератор встал, а мне до АЗС некогда. Привези канистру бензина.	Генератор став, а мені до АЗС ніколи. Привези каністру бензину.
Во, выручил. Генератор скажет спасибо. Ну и я тоже.	Во, виручив. Генератор скаже дякую. Ну і я теж.
Купи канистру бензина на АЗС (в Каменке или на трассе)	Купи каністру бензину на АЗС (у Кам'янці або на трасі)
Отдай канистру (10 л) Дяде Владику	Віддай каністру (10 л) Дядькові Владику
Съезди на свалку	З'їзди на звалище
Съезди к Грише на свалку, поройся в куче покрышек. Колесо мне нужно, старое, но целое.	З'їзди до Гриші на звалище, пориши в купі покришок. Колесо мені треба, старе, але ціле.
Целое? Целое. Глаз у тебя есть — уже полдела.	Ціле? Ціле. Око в тебе є — вже півсправи.
Найди старое колесо на свалке (E у кучи лома)	Знайди старе колесо на звалищі (E біля купи брухту)
Отдай колесо Дяде Владику	Віддай колесо Дядькові Владику
Помоги разобрать машину	Допоможи розібрати машину
Во дворе «копейка» битая. Раскрути её — что снимешь, то твоё, а за работу заплачу.	У дворі «копійка» бита. Розкрути її — що знімеш, те твоє, а за роботу заплачу.
Аккуратно разобрал, болты не сорвал. Уважаю.	Акуратно розібрав, болти не зірвав. Поважаю.
Разбери битую «копейку» во дворе гаража: 3 захода (E у машины)	Розбери биту «копійку» у дворі гаража: 3 заходи (E біля машини)
Привези аккумулятор	Привези акумулятор
У Петровича в колхозе старый аккумулятор валяется. Забери — мне на банки пойдёт.	У Петровича в колгоспі старий акумулятор валяється. Забери — мені на банки піде.
Тяжёлый, зараза? Зато свинец живой.	Важкий, зараза? Зате свинець живий.
Забери старый аккумулятор у бригадира Петровича (колхоз)	Забери старий акумулятор у бригадира Петровича (колгосп)
Аккумулятор? Да забирай, весь сарай им провонял. Владику привет!	Акумулятор? Та забирай, увесь сарай ним просмердів. Владикові привіт!
Отдай аккумулятор Дяде Владику	Віддай акумулятор Дядькові Владику
Доставь запчасть	Доправ запчастину
Отвези Ваське на СТО у трассы карбюратор — он заказывал. Только не урони.	Відвези Васькові на СТО біля траси карбюратор — він замовляв. Тільки не впусти.
Довёз? Ну и ладно. Васька небось опять про пиво говорил?	Довіз? Ну й добре. Васько, мабуть, знову про пиво говорив?
Отвези карбюратор механику Ваську (СТО у трассы)	Відвези карбюратор механіку Васькові (СТО біля траси)
О, от Владика! Наконец-то. Передай — с меня пиво.	О, від Владика! Нарешті. Передай — з мене пиво.
Найди двигатель	Знайди двигун
Нужен мотор от старого мотоцикла. У Гриши на свалке в куче лома поройся — там всё есть, если искать.	Потрібен мотор від старого мотоцикла. У Гриші на звалищі в купі брухту пориши — там усе є, якщо шукати.
Живой мотор! Переберу — ещё сто лет отходит. Держи, заслужил.	Живий мотор! Переберу — ще сто років відходить. Тримай, заслужив.
Найди старый двигатель на свалке (E у кучи лома)	Знайди старий двигун на звалищі (E біля купи брухту)
Привези двигатель Дяде Владику	Привези двигун Дядькові Владику
Переберём мотоцикл	Переберемо мотоцикл
Пригоняй свой мотоцикл — «Влтаву» или «Иртыш». Переберём вместе: научу, а он как с завода станет.	Приганяй свій мотоцикл — «Влтаву» або «Іртиш». Переберемо разом: навчу, а він як із заводу стане.
Всё. Теперь он у тебя как с конвейера. Только не гоняй его на холодную.	Усе. Тепер він у тебе як із конвеєра. Тільки не ганяй його на холодну.
Пригони свой мотоцикл («Влтава» или «Иртыш») в гараж Владика	Пожени свій мотоцикл («Влтава» або «Іртиш») у гараж Владика
Поговори с Дядей Владиком — перебрать мотор	Поговори з Дядьком Владиком — перебрати мотор
«Копейка» Владика	«Копійка» Владика
Есть у меня «копейка» семьдесят девятого. Кузов живой, мотора нет. Поднимем вместе — ездить будешь ты.	Є в мене «копійка» сімдесят дев'ятого. Кузов живий, мотора немає. Піднімемо разом — їздитимеш ти.
Ну, принимай. Красная, хромированные диски, прямоток. Стоит у твоего дома. Береги её.	Ну, приймай. Червона, хромовані диски, прямотік. Стоїть біля твого дому. Бережи її.
Найди на свалке двигатель для «копейки» (E у кучи лома)	Знайди на звалищі двигун для «копійки» (E біля купи брухту)
Заработай 2000 грн на краску и резину	Зароби 2000 грн на фарбу і гуму
Вернись к Дяде Владику — собрать машину	Повернися до Дядька Владика — зібрати машину
Жду: %s	Чекаю: %s
%s (Новое задание: «%s» — J)	%s (Нове завдання: «%s» — J)
Новое задание: «%s» — J	Нове завдання: «%s» — J
+%d грн	+%d грн
+%d еды	+%d їжі
Задание выполнено: «%s» %s	Завдання виконано: «%s» %s
Ты — легенда района! Про тебя рассказывают в каждом селе	Ти — легенда району! Про тебе розповідають у кожному селі
» Ты — легенда района! Играй дальше в своё удовольствие	» Ти — легенда району! Грай далі у своє задоволення
Загрузка…	Завантаження…
Строим Каменку…	Будуємо Кам'янку…
Готовим картинку…	Готуємо картинку…
Готово	Готово
УПРАВЛЕНИЕ  (F1 — закрыть)	КЕРУВАННЯ  (F1 — закрити)
ПЕШКОМ	ПІШКИ
W A S D — идти        Shift — бежать       Пробел — прыжок	W A S D — іти        Shift — бігти       Пробіл — стрибок
Ctrl — присесть (держать)    C — присесть / встать    V — вид со спины / из глаз	Ctrl — присісти (тримати)    C — присісти / встати    V — вид зі спини / з очей
Мышь или стрелки — осмотреться	Миша або стрілки — роззирнутися
E — действие / поговорить    Q — съесть еду из запаса	E — дія / поговорити    Q — з'їсти їжу із запасу
M — карта    J — журнал заданий    Esc — меню: пауза, настройки, сохранение	M — мапа    J — журнал завдань    Esc — меню: пауза, налаштування, збереження
I — инвентарь: еда, вещи, документы, техника    P — телефон: звонки, такси, музыка, фото	I — інвентар: їжа, речі, документи, техніка    P — телефон: дзвінки, таксі, музика, фото
В МАШИНЕ И НА МОТОЦИКЛЕ	У МАШИНІ ТА НА МОТОЦИКЛІ
A D — руль   Пробел — ручник (на скорости — занос)   H — сигнал   Z X — поворотники	A D — кермо   Пробіл — ручник (на швидкості — занос)   H — сигнал   Z X — поворотники
L — свет: авто / габариты / ближний / выкл   K — дальний   V — вид из салона / сзади   T — автомат / механика   B — радио	L — світло: авто / габарити / ближнє / вимк   K — дальнє   V — вид із салону / ззаду   T — автомат / механіка   B — радіо
E — выйти	E — вийти
АВТОМАТ (по умолчанию): W — газ, мотор заведётся сам	АВТОМАТ (за замовчуванням): W — газ, мотор заведеться сам
S — тормоз; стоя на месте держать S — задний ход (мотоцикл и мопед — шагом)	S — гальмо; стоячи на місці тримати S — задній хід (мотоцикл і мопед — кроком)
МЕХАНИКА: Shift — СЦЕПЛЕНИЕ (держать = выжато), R — зажигание,	МЕХАНІКА: Shift — ЗЧЕПЛЕННЯ (тримати = вичавлено), R — запалювання,
] / [ — передача выше / ниже, или сразу цифрой: 1–5, 0 — нейтраль, − — задняя	] / [ — передача вище / нижче, або одразу цифрою: 1–5, 0 — нейтраль, − — задня
Тронуться: Shift + R, Shift + 1, плавно отпустить Shift, газ W	Рушити: Shift + R, Shift + 1, плавно відпустити Shift, газ W
Клавиши можно поменять: Esc → «Управление»	Клавіші можна змінити: Esc → «Керування»
На асфальте держит дорогу, на траве и в грязи — скользит.	На асфальті тримає дорогу, на траві та в багнюці — ковзає.
Мопед «Карпаты» — твой с начала, стоит во дворе: прав не нужно, до 50 км/ч.	Мопед «Карпати» — твій з початку, стоїть у дворі: прав не треба, до 50 км/год.
«Семёрка» (2500) и «Влтава» (1800) у соседей продаются; за руль — только с правами	«Сімка» (2500) і «Влтава» (1800) у сусідів продаються; за кермо — тільки з правами
(на «Влтаву» — категория A), без них не пустят.	(на «Влтаву» — категорія A), без них не пустять.
ГЕЙМПАД	ГЕЙМПАД
Левый стик — идти / руль, правый — камера, RT — газ, LT — тормоз	Лівий стік — іти / кермо, правий — камера, RT — газ, LT — гальмо
A — прыжок / ручник, X — действие / выйти, B — присесть / вид, Y — еда / сигнал	A — стрибок / ручник, X — дія / вийти, B — присісти / вид, Y — їжа / сигнал
Start — меню, Back — карта, крестовина вверх — журнал	Start — меню, Back — мапа, хрестовина вгору — журнал
ЗАДАНИЯ	ЗАВДАННЯ
Сюжет — слева вверху (»), просьбы жителей — там же (•).	Сюжет — ліворуч угорі (»), прохання мешканців — там само (•).
У кого есть просьба, у того в подсказке «(!)». Выполнил — вернись к нему.	У кого є прохання, у того в підказці «(!)». Виконав — повернися до нього.
Не спать и не есть нельзя: упадёшь в обморок и потеряешь деньги.	Не спати й не їсти не можна: знепритомнієш і втратиш гроші.
ГДЕ ЧТО	ДЕ ЩО
Путь: мопед → первые работы → паспорт и медсправка → права → первая машина → дом	Шлях: мопед → перші роботи → паспорт і медична довідка → права → перша машина → дім
Стрелка под мини-картой ведёт к цели задания или работы; цель — ромб на мини-карте	Стрілка під мінімапою веде до мети завдання або роботи; мета — ромб на мінімапі
Над теми, кто даёт работу, — «РАБОТА». У того, с чем можно что-то сделать, — светящееся кольцо	Над тими, хто дає роботу, — «РОБОТА». У того, з чим можна щось зробити, — кільце, що світиться
Работа: почта (посылки по домам или мешок в другую почту), попутчик у съезда на трассу,	Робота: пошта (посилки по домівках або мішок на іншу пошту), попутник біля з'їзду на трасу,
заправщик на АЗС (пешком), склад в городе (+600), колхоз (+400),	заправник на АЗС (пішки), склад у місті (+600), колгосп (+400),
развоз хлеба на машине (+500, быстро — премия, битый хлеб вычтут)	розвезення хліба на машині (+500, швидко — премія, битий хліб вирахують)
ГАИ у Каменки: больше 60 — штраф, больше 100 или уехал от проверки — погоня (догонят — 800 грн)	ДАІ біля Кам'янки: більше 60 — штраф, більше 100 або втік від перевірки — погоня (наздоженуть — 800 грн)
Еда: сельмаг у съезда, ларёк в городе   Вода: колонка на улице (бесплатно), бутылка в сельмаге	Їжа: сільмаг біля з'їзду, кіоск у місті   Вода: колонка на вулиці (безкоштовно), пляшка в сільмазі
Сон: кровать дома — до утра	Сон: ліжко вдома — до ранку
Бензин: АЗС у трассы    Ремонт: СТО рядом с АЗС	Бензин: АЗС біля траси    Ремонт: СТО поруч з АЗС
Автобус в город и обратно — с остановки у трассы, 15 грн	Автобус у місто й назад — із зупинки біля траси, 15 грн
Автошкола в городе: экзамен на права (300 грн) — развоз хлеба дороже	Автошкола в місті: іспит на права (300 грн) — розвезення хліба дорожче
Колька у съезда из деревни: спор на 200 грн — до моста за 22 с	Колька біля з'їзду із села: заклад на 200 грн — до мосту за 22 с
СТО: ремонт и тюнинг — всесезонная резина, форсировка, покраска	СТО: ремонт і тюнінг — всесезонна гума, форсування, фарбування
Город: кафе «Встреча» (обед 90 грн), «Хозтовары» — телевизор, щенок, теплица	Місто: кафе «Зустріч» (обід 90 грн), «Господарські товари» — телевізор, цуценя, теплиця
Такси (нужны права): стоянка у площади — подъедь к пассажиру и остановись	Таксі (потрібні права): стоянка біля площі — під'їдь до пасажира і зупинися
Полевое кольцо (гравий) и лесная дорога через мост; на ямах трясёт, в дождь лужи	Польове кільце (гравій) і лісова дорога через міст; на ямах трясе, в дощ калюжі
Светофор у поворота в город — на красный штраф 100 грн; в 7 и в 19 коровы идут через улицу	Світлофор біля повороту в місто — на червоний штраф 100 грн; о 7 і о 19 корови йдуть через вулицю
Рыбалка — с мостков на пруду: E — закинуть, поплавок нырнул — сразу E.	Риболовля — з кладки на ставку: E — закинути, поплавець пірнув — одразу E.
Рыбу сдать в сельмаг (60 грн)	Рибу здати в сільмаг (60 грн)
Свой огород — за домом: посадить картошку, через 3 дня выкопать	Свій город — за домом: посадити картоплю, через 3 дні викопати
F5 — сохранить        F9 — загрузить	F5 — зберегти        F9 — завантажити
Мой гараж	Мій гараж
Закрыть	Закрити
Загнать всю технику в гараж	Загнати всю техніку в гараж
Загнал в гараж: %d	Загнав у гараж: %d
Вся техника уже в гараже	Уся техніка вже в гаражі
Выбери, на чём ехать — выкатится на дорожку у дома	Обери, на чому їхати — викотиться на доріжку біля дому
Своей техники пока нет — купи мопед, мотоцикл или машину	Своєї техніки поки немає — купи мопед, мотоцикл або машину
в гараже	у гаражі
едешь на ней	їдеш на ній
на улице	на вулиці
%s — %s, бензин %d л, состояние %d%%	%s — %s, бензин %d л, стан %d%%
Выкатить	Викотити
К дому	До дому
В гараж	У гараж
«%s» — в гараже	«%s» — у гаражі
грн	грн
«Волжанка» Чёрная	«Волжанка» Чорна
ГМЗ-24 в чёрном лаке, золотые диски, форсированный мотор	ГМЗ-24 у чорному лаку, золоті диски, форсований мотор
Техника	Техніка
«Влтава» Золотая	«Влтава» Золота
золотой бак и диски, прямоток — слышно на всю Каменку	золотий бак і диски, прямотік — чути на всю Кам'янку
«Тайга» Охотник	«Тайга» Мисливець
хаки, большие колёса и бак — по любому бездорожью	хакі, великі колеса й бак — по будь-якому бездоріжжю
Клуб «Каменка»	Клуб «Кам'янка»
твой клуб: +900 грн каждое утро, вход бесплатный	твій клуб: +900 грн щоранку, вхід безкоштовний
Клубы	Клуби
Клуб «Метелица» в городе	Клуб «Метелиця» в місті
твой клуб: +1800 грн каждое утро, вход бесплатный	твій клуб: +1800 грн щоранку, вхід безкоштовний
Квартира на 9-м этаже у бурсы	Квартира на 9-му поверсі біля бурси
ночевать в городе, вид на всю улицу Заводскую	ночувати в місті, вид на всю вулицю Заводську
Жильё	Житло
Особняк в Каменке-Северной	Особняк у Кам'янці-Північній
два этажа, гараж и свой участок, спать у двери	два поверхи, гараж і своя ділянка, спати біля дверей
Купить монеты	Купити монети
Эксклюзив	Ексклюзив
Ввести код	Ввести код
У тебя: %s GEARCOIN	У тебе: %s GEARCOIN
Цены в:	Ціни в:
Оплата подключится скоро — в гривнах, рублях и долларах. Цены в рублях и долларах примерные.	Оплата підключиться скоро — у гривнях, рублях і доларах. Ціни в рублях і доларах приблизні.
Оплата Pi Network — вход: @%s	Оплата Pi Network — вхід: @%s
Оплата Pi Network	Оплата Pi Network
Монеты придут, как только оплата подтвердится. Игра сразу сохранится.	Монети прийдуть, щойно оплата підтвердиться. Гра одразу збережеться.
Подтверди оплату %s в окне Pi	Підтверди оплату %s у вікні Pi
Подожди — прошлая оплата ещё идёт	Зачекай — попередня оплата ще йде
Оплата отменена	Оплату скасовано
Оплата Pi прошла: +%s GEARCOIN	Оплата Pi пройшла: +%s GEARCOIN
Покупка %s GEARCOIN за %s появится скоро — оплату ещё подключаем.	Купівля %s GEARCOIN за %s з'явиться скоро — оплату ще підключаємо.
Есть	Є
Код с оплаты или подарочный код:	Код з оплати або подарунковий код:
Код с оплаты или подарочный код	Код з оплати або подарунковий код
Активировать	Активувати
Введи код	Введи код
Такого кода нет: %s — проверь буквы и цифры	Такого коду немає: %s — перевір літери та цифри
Этот код уже активирован	Цей код уже активовано
Код принят: +%s GEARCOIN и +%s грн	Код прийнято: +%s GEARCOIN і +%s грн
Не хватает GEARCOIN: «%s» стоит %s, у тебя %s	Бракує GEARCOIN: «%s» коштує %s, у тебе %s
Куплено: %s!	Куплено: %s!
GEARCOIN: %s — твоё!	GEARCOIN: %s — твоє!
Пока	Бувай
Оля: «Ну что, куда идём?»	Оля: «Ну що, куди йдемо?»
Оля: «Тсс… все спят!»	Оля: «Тсс… всі сплять!»
Оля: «Привет!»	Оля: «Привіт!»
Девушка: «Привет! А ты новенький? Я Оля.»	Дівчина: «Привіт! А ти новенький? Я Оля.»
Оля — %s · симпатия %d/100	Оля — %s · симпатія %d/100
Поболтать	Побалакати
Подарить %s — %d грн	Подарувати %s — %d грн
Сделать предложение (кольцо)	Зробити пропозицію (обручка)
Пойдём гулять / покатаемся	Ходімо гуляти / покатаємося
Оля идёт с тобой. Сядешь в машину или на мотоцикл — сядет рядом	Оля йде з тобою. Сядеш у машину чи на мотоцикл — сяде поруч
Иди домой, до завтра	Іди додому, до завтра
Оля: «%s»	Оля: «%s»
Не хватает	Бракує
сытость	ситість
бодрость	бадьорість
вода	вода
F1 — все клавиши   Esc — меню	F1 — усі клавіші   Esc — меню
Автомат: %s	Автомат: %s
Механика: %s   Сцепление: %s	Механіка: %s   Зчеплення: %s
выжато	вичавлено
схватывает	схоплює
отпущено	відпущено
Мотор работает	Мотор працює
Мотор заглушен (W — завести)	Мотор заглушено (W — завести)
Мотор заглушен (R)	Мотор заглушено (R)
ЗАНОС	ЗАНОС
Грязь — вязнет	Багнюка — грузне
%s   Бензин: %d л   Состояние: %d%%   %s%s	%s   Бензин: %d л   Стан: %d%%   %s%s
%s    %s грн%s    %s	%s    %s грн%s    %s
Еды: %d	Їжі: %d
Еды: %d (Q)	Їжі: %d (Q)
Банка мёда (для бабы Гали)	Банка меду (для баби Галі)
Корзинка ягод	Кошик ягід
Письма	Листи
Гараж в ГСК «Мотор»	Гараж у ГБК «Мотор»
Корочка автослесаря	Посвідчення автослюсаря
Дом в городе, у восточной улицы	Будинок у місті, біля східної вулиці
Квартира в новой шестиэтажке	Квартира в новій шестиповерхівці
Старая изба	Стара хата
Штукатуренный дом под шифером	Тинькований будинок під шифером
Кирпичный дом под черепицей	Цегляний будинок під черепицею
Двухэтажный коттедж с беседкой	Двоповерховий котедж з альтанкою
Инвентарь	Інвентар
Деньги	Гроші
Наличные: %d грн	Готівка: %d грн
На вкладе в банке: %d грн	На вкладі в банку: %d грн
Еда и питьё	Їжа й питво
Еда в запасе: %d	Їжа в запасі: %d
Съесть	З'їсти
Рыба: %d	Риба: %d
Сытость %d%%, бодрость %d%%, вода %d%%	Ситість %d%%, бадьорість %d%%, вода %d%%
Вещи для заданий	Речі для завдань
Документы	Документи
Пока никаких — паспорт выдают в сельсовете	Поки жодних — паспорт видають у сільраді
Водительское удостоверение: %s	Посвідчення водія: %s
Показать	Показати
Своей техники нет	Своєї техніки немає
ты за рулём	ти за кермом
в %d м от тебя	за %d м від тебе
%s — бензин %d/%d л, кузов %d%%, %s	%s — бензин %d/%d л, кузов %d%%, %s
Ремнабор: %d шт. — +%d%% к состоянию своей техники рядом	Ремнабір: %d шт. — +%d%% до стану своєї техніки поруч
Починить	Полагодити
Подойди к своей машине или мотоциклу — ремнабор чинит то, что рядом	Підійди до своєї машини чи мотоцикла — ремнабір лагодить те, що поруч
Канистры: %d л бензина — в бак своей техники рядом	Каністри: %d л бензину — в бак своєї техніки поруч
Залить	Залити
Подойди к своей машине или мотоциклу — залить можно в то, что рядом	Підійди до своєї машини чи мотоцикла — залити можна в те, що поруч
Дом и хозяйство	Дім і господарство
Своё дело: %s, %d-й уровень, +%d грн в день до налога	Своя справа: %s, %d-й рівень, +%d грн на день до податку
Водительское удостоверение	Посвідчення водія
Ты — хозяин района!	Ти — господар району!
Играть дальше	Грати далі
Закрыть (J)	Закрити (J)
[b][color=#f0d890]СЮЖЕТ[/color][/b]	[b][color=#f0d890]СЮЖЕТ[/color][/b]
[b][color=#f0d890]ПРОСЬБЫ ЖИТЕЛЕЙ[/color][/b]	[b][color=#f0d890]ПРОХАННЯ МЕШКАНЦІВ[/color][/b]
[color=#9a9a9a]  Ещё %d — поговори с жителями, у кого «(!)» над подсказкой[/color]	[color=#9a9a9a]  Ще %d — поговори з мешканцями, у кого «(!)» над підказкою[/color]
[b][color=#f0d890]РАБОТА[/color][/b] [color=#9a9a9a](подработка — 3 уровня, официальная — 5)[/color]	[b][color=#f0d890]РОБОТА[/color][/b] [color=#9a9a9a](підробіток — 3 рівні, офіційна — 5)[/color]
%s — %s, до следующего: %d смен	%s — %s, до наступного: %d змін
%s — %s, высший уровень	%s — %s, найвищий рівень
[color=#9a9a9a]Отработай первую смену — здесь появится уровень[/color]	[color=#9a9a9a]Відпрацюй першу зміну — тут з'явиться рівень[/color]
[b][color=#f0d890]ВЕЩИ[/color][/b]	[b][color=#f0d890]РЕЧІ[/color][/b]
Деньги: %d грн   Еда в запасе: %d   Рыба: %d	Гроші: %d грн   Їжа в запасі: %d   Риба: %d
На вкладе в банке: %d грн (10%% годовых)	На вкладі в банку: %d грн (10%% річних)
Своё дело (грн в день): %s	Своя справа (грн на день): %s
Конкурент Жора в Озерцово переманивает покупателей: перекупи его ларёк (%d грн) или акции у своего ларька — %d из %d	Конкурент Жора в Озерцевому переманює покупців: перекупи його ятку (%d грн) або акції у своїй ятці — %d з %d
лекарство для тёти Люды	ліки для тітки Люди
писем: %d	листів: %d
В сумке: %s	У сумці: %s
%s: бензин %d / %d л, состояние %d%%	%s: бензин %d / %d л, стан %d%%
Оля — %s, симпатия %d/100 (разговор, подарки, катание, танцы)	Оля — %s, симпатія %d/100 (розмова, подарунки, катання, танці)
[color=#7fbf6a]+ %s — готово[/color]	[color=#7fbf6a]+ %s — готово[/color]
[b][color=#f0d890]ДОСТИЖЕНИЯ — %d из %d[/color][/b]	[b][color=#f0d890]ДОСЯГНЕННЯ — %d з %d[/color][/b]
[b][color=#f0d890]СТАТИСТИКА[/color][/b]	[b][color=#f0d890]СТАТИСТИКА[/color][/b]
Дней в Каменке: %d   Заработано всего: %d грн	Днів у Кам'янці: %d   Зароблено всього: %d грн
Смен отработано: %d   Развозов хлеба: %d   Рыбы поймано: %d	Змін відпрацьовано: %d   Розвезень хліба: %d   Риби зловлено: %d
Проехано: %.1f км   Заданий выполнено: %d   Обмороков: %d	Проїхано: %.1f км   Завдань виконано: %d   Непритомностей: %d
[center]Из покосившейся избы — в кирпичный дом под черепицей.	[center]Із похиленої хати — в цегляний дім під черепицею.
Своё СТО с Васьком, ларьки, автопарк, рейсовый автобус —	Своє СТО з Васьком, ятки, автопарк, рейсовий автобус —
и Оля рядом. Весь район знает: этот своего добьётся.[/center]	і Оля поруч. Увесь район знає: цей свого доб'ється.[/center]
[color=#9a9a9a]Игра продолжается — дальше вторая часть, «Жизнь хозяина района»: новые работы, Дядя Владик, гараж техники, дом в Липках. Журнал — J.[/color]	[color=#9a9a9a]Гра триває — далі друга частина, «Життя господаря району»: нові роботи, Дядько Владик, гараж техніки, дім у Липках. Журнал — J.[/color]
Свалка — приём лома и запчасти б/у	Звалище — прийом брухту і запчастини б/в
Загони свою машину или мотоцикл за ворота свалки	Заганяй свою машину чи мотоцикл за ворота звалища
Продать за %d грн	Продати за %d грн
Гриша: «%s? Возьму, в каком есть»	Гриша: «%s? Візьму, в якому є»
Гриша: «Мопед себе оставь — на нём полсела ездит»	Гриша: «Мопед собі залиш — на ньому пів села їздить»
Запчасти б/у — со старых машин, ресурс %d%%:	Запчастини б/в — зі старих машин, ресурс %d%%:
%d грн	%d грн
Не нужно	Не потрібно
%s — сейчас %d%%	%s — зараз %d%%
Свалка: «%s» продана за %d грн	Звалище: «%s» продано за %d грн
«%s» больше не твоя: +%d грн	«%s» більше не твоя: +%d грн
Не хватает денег: %s б/у — %d грн	Бракує грошей: %s б/в — %d грн
На «%s» поставили б/у: %s	На «%s» поставили б/в: %s
Свалка: %s б/у (−%d грн)	Звалище: %s б/в (−%d грн)
Заново	Заново
%d из %d. %s	%d з %d. %s
верно %d из %d	правильно %d з %d
похоже на %d%%	схоже на %d%%
1.  Фамилия	1.  Прізвище
2.  Имя, отчество	2.  Ім'я, по батькові
3.  Дата и место рождения	3.  Дата і місце народження
4a. Дата выдачи	4a. Дата видачі
4b. Действительно до	4b. Дійсне до
4c. Кем выдано	4c. Ким видано
5.  Номер удостоверения	5.  Номер посвідчення
7.  Подпись владельца	7.  Підпис власника
9.  Категория	9.  Категорія
10. Категория действует с	10. Категорія діє з
11. Категория действует до	11. Категорія діє до
12. Ограничения	12. Обмеження
день %d	день %d
есть	є
бессрочно	безстроково
ВХХ № 000000	ВХХ № 000000
%s  ГАИ района · автошкола «Каменка»	%s  ДАІ району · автошкола «Кам'янка»
ПРАВ ПОКА НЕТ — СДАЙ В АВТОШКОЛЕ	ПРАВ ПОКИ НЕМАЄ — СКЛАДИ В АВТОШКОЛІ
Мопеду права не нужны, а «Семёрке» — нужна. Автошкола — в городе, автобус туда ходит с остановки у трассы.	Мопеду права не потрібні, а «Сімці» — потрібні. Автошкола — в місті, автобус туди ходить із зупинки біля траси.
Паспорт делают в сельсовете, медсправку — в больнице в городе.	Паспорт роблять у сільраді, медичну довідку — в лікарні в місті.
Мопед ест мало бензина, но в горку тянет еле-еле.	Мопед їсть мало бензину, але в гірку тягне ледь-ледь.
Почта: посылки по домам или мешок в почту другого села — коробки везёшь на мопеде.	Пошта: посилки по домівках або мішок на пошту іншого села — коробки везеш на мопеді.
Хочется пить — колонка на деревенской улице бесплатная.	Хочеться пити — колонка на сільській вулиці безкоштовна.
Устал — иди домой спать: кровать переводит игру на утро.	Втомився — йди додому спати: ліжко переводить гру на ранок.
Сильно разбил машину — ремонт на СТО у трассы.	Сильно розбив машину — ремонт на СТО біля траси.
Стрелка вверху экрана показывает, куда ехать по заданию.	Стрілка вгорі екрана показує, куди їхати за завданням.
Совет:	Порада:
С	Пн
%d м	%d м
Каменка	Кам'янка
Город	Місто
р. Быстрая	р. Бистра
оз. Круглое	оз. Кругле
Тёмный лес	Темний ліс
Дубрава	Діброва
Лес	Ліс
Дорогой район «Липки»	Дорогий район «Липки»
Сосновый бор	Сосновий бір
колхоз «Заря»	колгосп «Зоря»
ферма	ферма
роща «Берёзки»	гай «Берізки»
ул. Центральная	вул. Центральна
речка Каменка	річка Кам'янка
ул. Садовая	вул. Садова
ул. Ленина	вул. Леніна
пр. Мира	пр. Миру
ул. Заводская	вул. Заводська
Дом	Дім
Колхоз	Колгосп
АЗС	АЗС
СТО	СТО
Гараж Владика	Гараж Владика
Липки	Липки
Хлебозавод	Хлібозавод
Садовник	Садівник
Автобус	Автобус
Склад	Склад
Ларёк	Кіоск
Пруд	Ставок
Автошкола	Автошкола
Площадь	Площа
Кафе	Кафе
Хозтовары	Госптовари
Мост	Міст
Такси	Таксі
Автосалон	Автосалон
Пахота	Оранка
ГАИ	ДАІ
Банк	Банк
Авторынок	Авторинок
Гараж	Гараж
Парк	Парк
Милиция	Міліція
Кафе у трассы	Кафе біля траси
Сельсовет	Сільрада
Больница	Лікарня
Клуб	Клуб
Дискотека	Дискотека
Районный	Районний
Вокзал	Вокзал
Колонка	Колонка
Рынок	Ринок
Стадион	Стадіон
Школа	Школа
Гаражи	Гаражі
Завод	Завод
Рыбалка	Риболовля
Ларёк Жоры	Ятка Жори
Делянка	Ділянка
Магазин	Магазин
%s — весь район	%s — увесь район
%s — закрыть карту	%s — закрити мапу
Ковёр с узором	Килим з візерунком
на пол в комнату — уютно	на підлогу в кімнату — затишно
Магнитофон «Ветерок»	Магнітофон «Вітерець»
играет кассету — включается по E	грає касету — вмикається по E
Холодильник «Морозко»	Холодильник «Морозко»
каждое утро +1 еды в запас	щоранку +1 їжі в запас
Кресло-качалка	Крісло-гойдалка
у телевизора, само покачивается	біля телевізора, саме погойдується
Золотое кольцо	Золота обручка
для предложения — сделать в разговоре с Олей	для пропозиції — зробити в розмові з Олею
Свадебное платье с фатой	Весільна сукня з фатою
без него в ЗАГСе не распишут	без неї в РАЦСі не розпишуть
Спидометр с подсветкой	Спідометр з підсвіткою
зелёные приборы, хромовый обод	зелені прилади, хромований обідок
Прямоточный глушак	Прямотічний глушник
громче, ниже и +6% тяги	гучніше, нижче і +6% тяги
Большой бак	Великий бак
бензина влезает в полтора раза больше	бензину влазить у півтора раза більше
Большие колёса	Великі колеса
выше и лучше держат на грунте и в грязи	вище і краще тримають на ґрунті та в багнюці
Диски	Диски
хром → чёрные → красные → золотые	хром → чорні → червоні → золоті
Ремнабор	Ремнабір
починить машину или мотоцикл в дороге: +40% к состоянию (инвентарь — I)	полагодити машину чи мотоцикл у дорозі: +40% до стану (інвентар — I)
Для какой техники:	Для якої техніки:
Поторговаться	Поторгуватися
Базар — для дома	Базар — для дому
Базар — к свадьбе	Базар — до весілля
Сельмаг «Продукты»	Сільмаг «Продукти»
Базар — автозапчасти	Базар — автозапчастини
Базар — %s	Базар — %s
Своей техники пока нет — ставить запчасти некуда	Своєї техніки поки немає — ставити запчастини нікуди
Ставим на: %s	Ставимо на: %s
Уже есть	Уже є
(сейчас %s)	(зараз %s)
(в запасе %d)	(у запасі %d)
Сытость %d%% · вода %d%% · еды в запасе %d · ремнаборов %d	Ситість %d%% · вода %d%% · їжі в запасі %d · ремнаборів %d
Купил: %s.	Купив: %s.
Не хватает денег: «%s» стоит %d грн.	Бракує грошей: «%s» коштує %d грн.
Не хватает денег: «%s» стоит %d грн	Бракує грошей: «%s» коштує %d грн
«%s» уже у тебя дома	«%s» уже в тебе вдома
Ремнабор — в запасе (%d). Чинить — в инвентаре (I), рядом со своей техникой	Ремнабір — у запасі (%d). Лагодити — в інвентарі (I), поруч зі своєю технікою
На «%s» поставили: %s	На «%s» поставили: %s
Базар: %s (−%d грн)	Базар: %s (−%d грн)
Мопед	Мопед
Почта — посылки	Пошта — посилки
«Семёрка» у соседа	«Сімка» в сусіда
Сельмаг — хлеб	Сільмаг — хліб
Сельсовет — паспорт	Сільрада — паспорт
Больница — медсправка	Лікарня — медична довідка
Оля	Оля
Колесо обозрения	Оглядове колесо
СТО «Автосервис»	СТО «Автосервіс»
СТО у Каменки	СТО біля Кам'янки
Рынок — «К свадьбе»	Ринок — «До весілля»
«Метелица»	«Метелиця»
Сельсовет — ЗАГС	Сільрада — РАЦС
Ларёк у склада	Кіоск біля складу
Ларёк Жоры, Озерцово	Ятка Жори, Озерцеве
%s · %d м	%s · %d м
Назад	Назад
Продолжить	Продовжити
Сохранить	Зберегти
Сохранить (F5)	Зберегти (F5)
Загрузить	Завантажити
Загрузить (F9)	Завантажити (F9)
Новая игра	Нова гра
Настройки	Налаштування
Управление	Керування
GEARCOIN — монеты и эксклюзив	GEARCOIN — монети та ексклюзив
Поддержать автора	Підтримати автора
Сообщить об ошибке	Повідомити про помилку
Выход	Вихід
Что случилось:	Що сталося:
Как повторить:	Як повторити:
Устройство: %s%s, экран %s	Пристрій: %s%s, екран %s
День %d, %s, детализация %d	День %d, %s, деталізація %d
(телефон)	(телефон)
Ошибка в игре	Помилка в грі
Время суток	Час доби
Утро	Ранок
День	День
Вечер	Вечір
Ночь	Ніч
%s   ·   %d грн	%s   ·   %d грн
Чувствительность камеры	Чутливість камери
Чувствительность мыши	Чутливість миші
Инверсия камеры по вертикали	Інверсія камери по вертикалі
Громкость	Гучність
Музыка	Музика
Детализация	Деталізація
Низкая	Низька
Средняя	Середня
Высокая	Висока
Низкая — быстрее всего, для телефона. Высокая — трава и тени.	Низька — найшвидше, для телефона. Висока — трава й тіні.
Размер текста	Розмір тексту
Крупнее	Більший
Крупный	Великий
Ход времени	Плин часу
Обычный — сутки за 24 минуты. Медленный — за 48, очень медленный — за полтора часа: работа, дорога и день тянутся ближе к жизни.	Звичайний — доба за 24 хвилини. Повільний — за 48, дуже повільний — за півтори години: робота, дорога й день тягнуться ближче до життя.
Машины на дорогах (трафик)	Машини на дорогах (трафік)
Мини-карта в углу экрана	Мінімапа в куті екрана
Кадров в секунду (FPS)	Кадрів за секунду (FPS)
«Как экран» — плавно и без разрывов картинки, но не выше частоты монитора. 120 и 144 — для мониторов 120–144 Гц.	«Як екран» — плавно і без розривів картинки, але не вище частоти монітора. 120 і 144 — для моніторів 120–144 Гц.
Сглаживание краёв (на высокой детализации)	Згладжування країв (на високій деталізації)
Чёткость 3D	Чіткість 3D
Держать FPS: не хватает кадров — игра сама упрощает картинку	Тримати FPS: бракує кадрів — гра сама спрощує картинку
Видеокарта: %s. Качество подобрано под неё и дальше подстраивается само.	Відеокарта: %s. Якість підібрано під неї, і далі вона підлаштовується сама.
Показывать FPS (кадры в секунду)	Показувати FPS (кадри за секунду)
Под левую руку: джойстик и руль справа	Під ліву руку: джойстик і кермо праворуч
Вибрация при ударах и поклёвке	Вібрація при ударах і клюванні
Автоматическая коробка передач (T)	Автоматична коробка передач (T)
Игра сделана на Godot Engine — godotengine.org/license (лицензия MIT).	Гру зроблено на Godot Engine — godotengine.org/license (ліцензія MIT).
Настроить кнопки под себя	Налаштувати кнопки під себе
Свои клавиши — нажми на клавишу и потом новую (Esc — отмена)	Свої клавіші — натисни на клавішу, а потім нову (Esc — скасувати)
Вернуть клавиши как было	Повернути клавіші як було
Нажми клавишу…	Натисни клавішу…
Игру делает один человек.	Гру робить одна людина.
Если нравится — можно угостить автора кофе.	Якщо подобається — можна пригостити автора кавою.
Профиль игрока	Профіль гравця
Имя	Ім'я
Фамилия	Прізвище
Имя видно в меню, на водительских правах и в окне GEARCOIN.	Ім'я видно в меню, на посвідченні водія і у вікні GEARCOIN.
Профиль: %s	Профіль: %s
Нет, назад	Ні, назад
Да, удалить	Так, видалити
Сохранение в ячейке %d удалено	Збереження в комірці %d видалено
Начать заново?	Почати заново?
Деньги, дом и задания начнутся с нуля.	Гроші, дім і завдання почнуться з нуля.
Сохранение перезапишется при следующей записи.	Збереження перезапишеться під час наступного запису.
Да, новая игра	Так, нова гра
Джойстик слева — ставь палец куда удобно: чуть отклонил — шагом, до края — бегом	Джойстик ліворуч — став палець, куди зручно: трохи відхилив — кроком, до краю — бігом
Палец по правой половине экрана — осмотреться	Палець по правій половині екрана — роззирнутися
«E» — действие: сесть, поговорить, купить, подсечь рыбу	«E» — дія: сісти, поговорити, купити, підсікти рибу
«Прыжок», «Присесть», «Еда» — съесть из запаса, «Вид» — со спины / из глаз	«Стрибок», «Присісти», «Їжа» — з'їсти із запасу, «Вид» — зі спини / з очей
Слева руль — крути его пальцем по кругу, отпустишь — вернётся сам	Ліворуч кермо — крути його пальцем по колу, відпустиш — повернеться саме
В центре руля — сигнал. Справа педали «Газ» и «Тормоз»	У центрі керма — сигнал. Праворуч педалі «Газ» і «Гальмо»
Рычаг D / R — вперёд или назад. «Ручник» на скорости — занос	Важіль D / R — вперед або назад. «Ручник» на швидкості — занос
«Вид» — из салона или сзади, «Радио», «Выйти». Руль и газ — двумя пальцами	«Вид» — із салону або ззаду, «Радіо», «Вийти». Кермо і газ — двома пальцями
W A S D — идти, Shift — бежать, Пробел — прыжок	W A S D — іти, Shift — бігти, Пробіл — стрибок
C — присесть / встать (Ctrl — держать), мышь или стрелки — осмотреться	C — присісти / встати (Ctrl — тримати), миша або стрілки — роззирнутися
E — действие, Q — съесть еду из запаса, V — вид со спины / из глаз	E — дія, Q — з'їсти їжу із запасу, V — вид зі спини / з очей
W — газ, S — тормоз (стоя держать — назад), A D — руль	W — газ, S — гальмо (стоячи тримати — назад), A D — кермо
Пробел — ручник, H — сигнал, L — свет, K — дальний, V — вид, B — радио, E — выйти	Пробіл — ручник, H — сигнал, L — світло, K — дальнє, V — вид, B — радіо, E — вийти
T — автомат / механика. Механика: Shift — сцепление, R — зажигание, ] [ или 1–5 — передачи, 0 — нейтраль, − — задняя	T — автомат / механіка. Механіка: Shift — зчеплення, R — запалювання, ] [ або 1–5 — передачі, 0 — нейтраль, − — задня
Левый стик — идти / руль, правый — камера. RT — газ, LT — тормоз	Лівий стік — іти / кермо, правий — камера. RT — газ, LT — гальмо
Start — меню, Back — карта, крестовина вверх — журнал, вправо — радио	Start — меню, Back — мапа, хрестовина вгору — журнал, праворуч — радіо
ИГРА	ГРА
Путь: мопед «Карпаты» → работы → паспорт и медсправка → права → первая машина	Шлях: мопед «Карпати» → роботи → паспорт і медична довідка → права → перша машина
Стрелка под мини-картой ведёт к цели. Работа — где табличка «РАБОТА»: почта (по домам или в другую	Стрілка під мінімапою веде до мети. Робота — де табличка «РОБОТА»: пошта (по домівках або на іншу
почту — в Каменке, городе и ближних сёлах), попутчик у съезда на трассу, заправщик на АЗС	пошту — в Кам'янці, місті та ближніх селах), попутник біля з'їзду на трасу, заправник на АЗС
Пить — колонка на деревенской улице (бесплатно) или вода в сельмаге	Пити — колонка на сільській вулиці (безкоштовно) або вода в сільмазі
Задание — слева вверху. У кого просьба — в подсказке «(!)»	Завдання — ліворуч угорі. У кого прохання — у підказці «(!)»
Рыбалка: закинь, жди, пока поплавок нырнёт, — и сразу подсекай	Риболовля: закинь, чекай, поки поплавець пірне, — і одразу підсікай
Развоз хлеба: вези аккуратно — битый хлеб вычтут, быстро — премия	Розвезення хліба: вези обережно — битий хліб вирахують, швидко — премія
Автошкола в городе: экзамен на учебной «Семёрке» — змейка, разворот, стоянка. Без прав	Автошкола в місті: іспит на навчальній «Сімці» — змійка, розворот, стоянка. Без прав
за руль машины не пустят. «Семёрка» соседа (2500) — напротив дома	за кермо машини не пустять. «Сімка» сусіда (2500) — навпроти дому
Колька у съезда из деревни: спор на 200 — доехать до моста через Быструю за 22 с	Колька біля з'їзду із села: заклад на 200 — доїхати до мосту через Бистру за 22 с
СТО у трассы: ремонт и тюнинг — резина, мотор, покраска	СТО біля траси: ремонт і тюнінг — гума, мотор, фарбування
Город: кафе «Встреча» — горячий обед, «Хозтовары» — телевизор, щенок, теплица	Місто: кафе «Зустріч» — гарячий обід, «Господарські товари» — телевізор, цуценя, теплиця
Такси (с правами): подъедь на машине к пассажиру у кольца и остановись —	Таксі (з правами): під'їдь на машині до пасажира біля кільця і зупинися —
отвези, куда скажет; быстро и мягко — чаевые	відвези, куди скаже; швидко і м'яко — чайові
Автосалон у въезда в город: Тайга — вездеход, Волжанка — быстрее и в такси	Автосалон біля в'їзду в місто: Тайга — всюдихід, Волжанка — швидша і в таксі
платят больше, ГМЗ-53 — развоз хлеба вдвое дороже	платять більше, ГМЗ-53 — розвезення хліба вдвічі дорожче
Каждое утро звонят с поручением (строка «Поручение» в задании) — выполни до полуночи	Щоранку дзвонять із дорученням (рядок «Доручення» в завданні) — виконай до півночі
Воскресенье (каждый 7-й день) — ярмарка на площади: рыба вдвое дороже, лотерея	Неділя (кожен 7-й день) — ярмарок на площі: риба вдвічі дорожча, лотерея
Банк на улице Заводской: вклад под 10% годовых, проценты каждое утро	Банк на вулиці Заводській: вклад під 10% річних, відсотки щоранку
Своё дело: ларёк у склада (5 000 грн, +250 в день), СТО у трассы (15 000, +600, с Васьком +900),	Своя справа: ятка біля складу (5 000 грн, +250 на день), СТО біля траси (15 000, +600, з Васьком +900),
автопарк из трёх своих машин (+800 в день). Конкурент Жора в Озерцово — перекупи или разори	автопарк із трьох своїх машин (+800 на день). Конкурент Жора в Озерцевому — перекупи або розори
После кирпичного дома сюжет идёт в город: колесо обозрения с Олей, курсы в бурсе (3 урока	Після цегляного будинку сюжет іде в місто: оглядове колесо з Олею, курси в бурсі (3 уроки
и экзамен), смены на СТО, своё СТО, свадьба, рейсовый автобус — и хозяин района	й іспит), зміни на СТО, своє СТО, весілля, рейсовий автобус — і господар району
Свадьба: кольцо и платье — лавка «К свадьбе» на рынке, столик — в «Метелице», распишут — в сельсовете	Весілля: обручка і сукня — ятка «До весілля» на ринку, столик — у «Метелиці», розпишуть — у сільраді
В каждом селе района и в городе есть жители с просьбами — у кого просьба, в подсказке «(!)»	У кожному селі району і в місті є мешканці з проханнями — у кого прохання, у підказці «(!)»
Колхоз: трактор МТ-80 у сарая, щит «ПАХОТА» — 6 борозд на поле, +700 грн	Колгосп: трактор МТ-80 біля сараю, щит «ОРАНКА» — 6 борозен на полі, +700 грн
Лес: каждое утро растут грибы (осенью вдвое больше) — белый +2 еды, мухомор не бери	Ліс: щоранку ростуть гриби (восени вдвічі більше) — білий +2 їжі, мухомор не бери
Огород: поливай картошку каждый день (дождь польёт сам) — урожай больше	Город: поливай картоплю щодня (дощ поллє сам) — урожай більший
Неделя — сезон: лето, осень, зима (снег, скользко), весна	Тиждень — сезон: літо, осінь, зима (сніг, слизько), весна
Жители живут по распорядку: утром у сельмага, вечером на лавочке, ночью спят	Мешканці живуть за розпорядком: зранку біля сільмагу, ввечері на лавці, вночі сплять
Меню: три ячейки сохранения, размер текста — в «Настройках»	Меню: три комірки збереження, розмір тексту — в «Налаштуваннях»
Дороги: полевое кольцо мимо колхоза и лесная дорога через мост; ямы трясут	Дороги: польове кільце повз колгосп і лісова дорога через міст; ями трусять
Пост ГАИ на трассе у Каменки (знаки «60»): быстрее 60 км/ч — штраф 200 грн	Пост ДАІ на трасі біля Кам'янки (знаки «60»): швидше 60 км/год — штраф 200 грн
Светофор у поворота в город: на красный — штраф 100 грн. Утром и вечером	Світлофор біля повороту в місто: на червоний — штраф 100 грн. Зранку й увечері
через деревенскую улицу идут коровы — подожди	через сільську вулицю йдуть корови — зачекай
Не забывай есть и спать — иначе обморок и потеря денег	Не забувай їсти й спати — інакше непритомність і втрата грошей
Район: по трассе и грунтовкам — двенадцать сёл: Озерцово, Первомай, Тошики, Заречье,	Район: трасою і ґрунтовками — дванадцять сіл: Озерцеве, Первомай, Тошики, Заріччя,
Сосновка, Красный Яр, Берёзовка, Лужки, а по краям — Горки, Заозерье, Степное, Малиновка; за Быстрой — мосты. Районный автобус — у остановки Каменки, каждый час	Соснівка, Червоний Яр, Березівка, Лужки, а по краях — Гірки, Заозер'я, Степове, Малинівка; за Бистрою — мости. Районний автобус — біля зупинки Кам'янки, щогодини
в другое село. У озера за Озерцово — рыбалка	в інше село. Біля озера за Озерцевим — риболовля
M — карта (ещё раз — весь район), J — журнал, F5 — сохранить, F9 — загрузить, F1 — подсказка	M — мапа (ще раз — увесь район), J — журнал, F5 — зберегти, F9 — завантажити, F1 — підказка
I — инвентарь: еда, вещи, документы, техника. P — телефон: звонки, такси, эвакуатор, музыка, фото	I — інвентар: їжа, речі, документи, техніка. P — телефон: дзвінки, таксі, евакуатор, музика, фото
«Карта» и «Журнал» — справа вверху; «Карта» ещё раз — весь район	«Мапа» і «Журнал» — праворуч угорі; «Мапа» ще раз — увесь район
«Вещи» — инвентарь, «Телефон» — звонки, такси, эвакуатор, музыка, фото — в верхнем ряду	«Речі» — інвентар, «Телефон» — дзвінки, таксі, евакуатор, музика, фото — у верхньому ряду
Кнопки и руль можно переставить и сделать крупнее — «Настроить кнопки под себя» ниже	Кнопки й кермо можна переставити і зробити більшими — «Налаштувати кнопки під себе» нижче
Пауза	Пауза
Жизнь в Каменке на первой передаче	Життя в Кам'янці на першій передачі
Удалить игру в ячейке %d (%s)?	Видалити гру в комірці %d (%s)?
Вернуть её будет нельзя.	Повернути її буде неможливо.
Удалить сохранение %d	Видалити збереження %d
Создать профиль: имя и фамилия	Створити профіль: ім'я та прізвище
Загружаем сохранение…	Завантажуємо збереження…
Звонки	Дзвінки
Сообщения	Повідомлення
Фото	Фото
Эвакуатор	Евакуатор
Погода	Погода
Часы	Годинник
воскресенье	неділя
понедельник	понеділок
вторник	вівторок
среда	середа
четверг	четвер
пятница	п'ятниця
суббота	субота
‹ Назад	‹ Назад
Каменка-Связь	Кам'янка-Зв'язок
Жена Оля	Дружина Оля
Такси «Каменка»	Таксі «Кам'янка»
Мастер СТО	Майстер СТО
Мастер СТО: «Работаем с 8 до 20. Подгоняй — покрасим, поменяем что стёрлось»	Майстер СТО: «Працюємо з 8 до 20. Підганяй — пофарбуємо, замінимо, що стерлося»
Дядя Гриша, свалка	Дядько Гриша, звалище
Дядя Гриша: «Свалка открыта с %d до %d. Лом беру, запчасти б/у есть»	Дядько Гриша: «Звалище відчинене з %d до %d. Брухт беру, запчастини б/в є»
Позвонить	Подзвонити
Номера нет	Номера немає
Оля: «Так я же рядом с тобой!»	Оля: «Так я ж поруч із тобою!»
Оля: «Ой, а кто это? …А, привет. Давай лучше при встрече поговорим»	Оля: «Ой, а хто це? …А, привіт. Давай краще при зустрічі поговоримо»
(Оля приехала к тебе)	(Оля приїхала до тебе)
Сообщений пока нет	Повідомлень поки немає
Играет и пешком — в наушниках. В машине — то же радио.	Грає і пішки — в навушниках. У машині — те саме радіо.
Играет: %s	Грає: %s
Включить: %s	Увімкнути: %s
Музыка: «%s»	Музика: «%s»
Выключить	Вимкнути
Музыка выключена	Музику вимкнено
Сфотографировать	Сфотографувати
Фотографий пока нет. Сними — телефон спрячется на миг, на снимке будет мир без кнопок.	Фотографій поки немає. Зніми — телефон сховається на мить, на знімку буде світ без кнопок.
Снимков: %d из %d	Знімків: %d з %d
Удалить	Видалити
Снимок удалён	Знімок видалено
Снято! День %d, %s	Знято! День %d, %s
Домой	Додому
В город, к остановке	У місто, до зупинки
Ты за рулём — такси не нужно	Ти за кермом — таксі не потрібне
Приедет минут через десять. Ночью — вдвое дороже.	Приїде хвилин за десять. Уночі — вдвічі дорожче.
%s — %d грн	%s — %d грн
Не хватает денег: такси — %d грн	Бракує грошей: таксі — %d грн
Такси: %s — %d грн. %s	Таксі: %s — %d грн. %s
Привезём твою технику к дому и дольём %d л бензина.	Привеземо твою техніку до дому й доллємо %d л бензину.
%s — %d м от дома	%s — %d м від дому
К дому — %d грн	До дому — %d грн
Вся твоя техника и так у дома	Уся твоя техніка і так біля дому
Не хватает денег: эвакуатор — %d грн	Бракує грошей: евакуатор — %d грн
Эвакуатор привёз «%s» к дому (−%d грн)	Евакуатор привіз «%s» до дому (−%d грн)
«%s» уже у твоего дома	«%s» уже біля твого дому
Вклад: %d грн, 10%% годовых — проценты каждое утро	Вклад: %d грн, 10%% річних — відсотки щоранку
Своё дело: %d грн в день, налог %d%% — на руки %d грн	Своя справа: %d грн на день, податок %d%% — на руки %d грн
Положить на вклад (300 грн оставить)	Покласти на вклад (300 грн залишити)
Положил %d грн	Поклав %d грн
Нечего класть	Нічого класти
Снять весь вклад	Зняти весь вклад
Снял %d грн	Зняв %d грн
%s — %d-й уровень, +%d грн в день	%s — %d-й рівень, +%d грн на день
Улучшить: %s — %d грн	Покращити: %s — %d грн
Улучшено!	Покращено!
Не хватает денег	Бракує грошей
Сейчас: %s	Зараз: %s
Сезон: %s	Сезон: %s
Продержится ещё около %d ч, потом — %s	Протримається ще близько %d год, потім — %s
До смены сезона: %d дн.	До зміни сезону: %d дн.
ГАИ — регистрация номера	ДАІ — реєстрація номера
Какую машину регистрируем:	Яку машину реєструємо:
Обычный номер — %d грн:	Звичайний номер — %d грн:
Красивый номер — %d грн:	Гарний номер — %d грн:
Свой номер — %d грн (буква, 4 цифры, 2 буквы области):	Свій номер — %d грн (літера, 4 цифри, 2 літери області):
Свой номер: буква, 4 цифры, 2 буквы области	Свій номер: літера, 4 цифри, 2 літери області
Взять свой	Взяти свій
Своих машин пока нет — номер регистрировать нечему	Своїх машин поки немає — номер реєструвати нікому
%s — сейчас: %s	%s — зараз: %s
Так номер не пишут. Нужно: буква, четыре цифры и две буквы области — например «а 12-34 КМ»	Так номер не пишуть. Потрібно: літера, чотири цифри і дві літери області — наприклад «а 12-34 КМ»
Номер «%s» уже занят — выбери другой	Номер «%s» уже зайнятий — обери інший
Этот номер и так у твоей машины	Цей номер і так у твоєї машини
Не хватает денег: номер стоит %d грн	Бракує грошей: номер коштує %d грн
ГАИ: «%s» зарегистрирован с номером %s (−%d грн)	ДАІ: «%s» зареєстровано з номером %s (−%d грн)
Готово: у «%s» теперь номер %s	Готово: у «%s» тепер номер %s
Принцесса	Принцеса
Принцесса: «%s»	Принцеса: «%s»
Отпустить домой	Відпустити додому
Позвать гулять	Покликати гуляти
Позвать гулять (она злится)	Покликати гуляти (вона сердиться)
Брелочки — %d из %d у тебя. %s	Брелочки — %d з %d у тебе. %s
Для тебя скидка!	Для тебе знижка!
Злая — продаёт втридорога	Зла — продає втридорога
Купить — %d грн	Купити — %d грн
Ой, какой милый! Спасибо, мой рыцарь!	Ой, який милий! Дякую, мій лицарю!
Ну... ладно. Спасибо.	Ну... гаразд. Дякую.
Принцесса: «Денег не хватает? Эх ты...»	Принцеса: «Грошей бракує? Ех ти...»
км/ч	км/год
сц.	зч.
%s сц. · 1–5 · 0 N · %s R	%s зч. · 1–5 · 0 N · %s R
ПОВОРОТ	ПОВОРОТ
ЗАЖИГАНИЕ	ЗАПАЛЮВАННЯ
ДАЛЬНИЙ СВЕТ	ДАЛЬНЄ СВІТЛО
НЕЙТРАЛЬ	НЕЙТРАЛЬ
МАСЛО	МАСТИЛО
ГОСТ 1578-76	ГОСТ 1578-76
СТО «Автосервис» — покраска и запчасти	СТО «Автосервіс» — фарбування і запчастини
Подгони свою машину или мотоцикл к воротам СТО	Піджени свою машину чи мотоцикл до воріт СТО
Покраска «%s» — %d грн, полчаса. Сейчас: %s	Фарбування «%s» — %d грн, пів години. Зараз: %s
Замена узлов на новые:	Заміна вузлів на нові:
Новый	Новий
%s — ресурс %d%%	%s — ресурс %d%%
Не хватает денег: покраска — %d грн	Бракує грошей: фарбування — %d грн
%s теперь %s	%s тепер %s
СТО: перекрасили — %s теперь %s (−%d грн)	СТО: перефарбували — %s тепер %s (−%d грн)
Не хватает денег: %s — %d грн	Бракує грошей: %s — %d грн
На «%s» поставили новое: %s	На «%s» поставили нове: %s
СТО: %s — новое (−%d грн)	СТО: %s — нове (−%d грн)
Прыжок	Стрибок
Еда	Їжа
Вещи	Речі
Телефон	Телефон
Газ	Газ
Тормоз	Гальмо
Ручник	Ручник
Выйти	Вийти
Свет	Світло
Дальн	Дальнє
Меню	Меню
Бип	Біп
ХОДИТЬ — веди пальцем	ХОДИТИ — веди пальцем
КАМЕРА — веди пальцем	КАМЕРА — веди пальцем
ничего — нажми на кнопку или руль	нічого — натисни на кнопку або кермо
руль	кермо
Таскай кнопки пальцем. Выбрано: %s	Тягай кнопки пальцем. Вибрано: %s
Кнопки: в машине	Кнопки: у машині
Кнопки: пешком	Кнопки: пішки
Сбросить	Скинути
Каменка. У тебя старый мопед «Карпаты» и 1500 грн.	Кам'янка. У тебе старий мопед «Карпати» і 1500 грн.
Цель — первая своя машина:	Мета — перша своя машина:
1. Подработай: почта, склад, колхоз, АЗС.	1. Підзароби: пошта, склад, колгосп, АЗС.
2. Сделай паспорт и медсправку, сдай на права.	2. Зроби паспорт і медичну довідку, склади на права.
3. Купи «Семёрку» у соседа и езжай дальше!	3. Купи «Сімку» в сусіда і їдь далі!
Пропустить	Пропустити
FIRST GEAR — первая передача	FIRST GEAR — перша передача
Поехали!	Поїхали!
Осмотрись	Роззирнися
Проведи пальцем по правой половине экрана	Проведи пальцем по правій половині екрана
Подвигай мышью — осмотрись вокруг	Поворуши мишею — роззирнися довкола
Иди к мопеду	Іди до мопеда
Джойстик слева — иди к мопеду «Карпаты» во дворе	Джойстик ліворуч — іди до мопеда «Карпати» у дворі
W A S D — иди к мопеду «Карпаты» во дворе, Shift — бегом	W A S D — іди до мопеда «Карпати» у дворі, Shift — бігом
Садись	Сідай
Подойди к мопеду и нажми «E»	Підійди до мопеда і натисни «E»
Подойди к мопеду и нажми E	Підійди до мопеда і натисни E
Поехали	Поїхали
Жми «Газ», крути руль пальцем — выезжай за калитку	Тисни «Газ», крути кермо пальцем — виїжджай за хвіртку
W — газ, A и D — руль, выезжай за калитку	W — газ, A і D — кермо, виїжджай за хвіртку
Тормози	Гальмуй
«Тормоз» — остановись	«Гальмо» — зупинись
S — тормоз, остановись	S — гальмо, зупинись
Готово!	Готово!
Задание — слева вверху, все дела — в «Журнале». Удачи в Каменке!	Завдання — ліворуч угорі, всі справи — в «Журналі». Успіхів у Кам'янці!
Задание — слева вверху, все дела — в журнале (J). Удачи в Каменке!	Завдання — ліворуч угорі, всі справи — в журналі (J). Успіхів у Кам'янці!
Уйти	Піти
(Новое задание: «Оживить Карпаты» — J)	(Нове завдання: «Оживити Карпати» — J)
Дядя Владик: «%s»	Дядько Владик: «%s»
Здоров. Чего надо?	Здоров. Чого треба?
Давай быстро, я скоро закрываюсь.	Давай швидко, я скоро зачиняюся.
ДЯДЯ ВЛАДИК · доверие %d/100 · уровень %d — %s	ДЯДЬКО ВЛАДИК · довіра %d/100 · рівень %d — %s
(после «Оживить Карпаты»)	(після «Оживити Карпати»)
1. Поговорить	1. Поговорити
2. Что есть из запчастей?	2. Що є із запчастин?
3. Отремонтировать транспорт	3. Відремонтувати транспорт
(с уровня 2)	(з рівня 2)
4. Продать запчасти	4. Продати запчастини
5. Продать транспорт	5. Продати транспорт
6. Купить запчасти	6. Купити запчастини
7. Получить работу	7. Отримати роботу
Позвать Владика на своё СТО (+250 грн в день)	Покликати Владика на своє СТО (+250 грн на день)
На твоё СТО? Ну… пойду. Только чай — мой, и табурет — мой.	На твоє СТО? Ну… піду. Тільки чай — мій, і табурет — мій.
8. Уйти	8. Піти
← Назад	← Назад
Расходники (новая / б/у / старая):	Витратні матеріали (нова / б/в / стара):
• %s — %d / %d / %d грн	• %s — %d / %d / %d грн
Редкое:	Рідкісне:
• %s — %d грн%s	• %s — %d грн%s
(уровень %d)	(рівень %d)
Ремонт узлов: мотоциклы — с уровня 2, машины — с уровня 4. Новый узел — дешевле, чем на СТО; б/у — вдвое дешевле; старый — почти даром.	Ремонт вузлів: мотоцикли — з рівня 2, машини — з рівня 4. Новий вузол — дешевше, ніж на СТО; б/в — удвічі дешевше; старий — майже задарма.
Чего нет — найдём. Чего не найдём — сделаем.	Чого немає — знайдемо. Чого не знайдемо — зробимо.
Держи. %s	Тримай. %s
Новая — она и есть новая.	Нова — вона і є нова.
Не новая, но послужит.	Не нова, але послужить.
Денег не хватает? Бывает. Приходи с деньгами.	Грошей бракує? Буває. Приходь із грошима.
(уже стоит)	(уже стоїть)
Поставил. Вещь редкая — не продавай кому попало.	Поставив. Річ рідкісна — не продавай будь-кому.
Не получается: денег мало или уже стоит.	Не виходить: грошей мало або вже стоїть.
Своей техники у гаража нет — подгони машину или мотоцикл к воротам.	Своєї техніки біля гаража немає — піджени машину чи мотоцикл до воріт.
Дядя Владик: «%s пока не возьму — %s»	Дядько Владик: «%s поки не візьму — %s»
мотоциклы смотрю со второго уровня	мотоцикли дивлюся з другого рівня
машины — с четвёртого уровня доверия	машини — з четвертого рівня довіри
%s %d%% — %d грн	%s %d%% — %d грн
Сделано. Езди.	Зроблено. Їзди.
Денег не хватает.	Грошей бракує.
Продать нечего. Лом, старые колёса, аккумуляторы, моторы — всё это Владик берёт. Найти можно на разборке у гаража и на свалке.	Продати нічого. Брухт, старі колеса, акумулятори, мотори — все це Владик бере. Знайти можна на розбиранні біля гаража і на звалищі.
%s ×%d — продать за %d грн	%s ×%d — продати за %d грн
Беру. Честно — значит честно.	Беру. Чесно — значить чесно.
Продать «%s» за %d грн	Продати «%s» за %d грн
Беру. Не переживай — у меня она не пропадёт.	Беру. Не переймайся — в мене вона не пропаде.
Дядя Владик: «Подгони к воротам, что продаёшь. Мопед свой не отдавай — на нём полсела ездит»	Дядько Владик: «Піджени до воріт, що продаєш. Мопед свій не віддавай — на ньому пів села їздить»
Семёрка	Сімка
ВМЗ-2107	ВМЗ-2107
Влтава	Влтава
«Иртыш-5»	«Іртиш-5»
Карпаты	Карпати
Тайга	Тайга
Волжанка	Волжанка
ГМЗ-53	ГМЗ-53
ПМЗ-672	ПМЗ-672
МТ-80	МТ-80
бежевый	бежевий
вишнёвый	вишневий
синий	синій
зелёный	зелений
белый	білий
чёрный	чорний
красный	червоний
Мотор (капремонт)	Мотор (капремонт)
Сцепление	Зчеплення
Тормозные колодки	Гальмівні колодки
Амортизаторы	Амортизатори
Резина	Гума
хромированные	хромовані
чёрные	чорні
красные	червоні
золотые	золоті
авто (ближний в темноте сам)	авто (ближнє в темряві саме)
габариты	габарити
ближний свет	ближнє світло
выключен	вимкнено
сесть за руль	сісти за кермо
сесть на мотоцикл	сісти на мотоцикл
Учебный «%s» автошколы — только на экзамене	Навчальний «%s» автошколи — тільки на іспиті
E — купить «%s» за %d грн: %s	E — купити «%s» за %d грн: %s
«%s» теперь твоя! %s	«%s» тепер твоя! %s
Садись и езжай	Сідай і їдь
ПРОДАЁТСЯ	ПРОДАЄТЬСЯ
%s. Автомат: W — газ, S — тормоз и назад. T — механика, V — вид	%s. Автомат: W — газ, S — гальмо і назад. T — механіка, V — вид
%s. Механика: Shift — сцепление, 1–5 или ] [ — передачи, 0 — нейтраль, − — задняя. T — автомат	%s. Механіка: Shift — зчеплення, 1–5 або ] [ — передачі, 0 — нейтраль, − — задня. T — автомат
Сначала остановись	Спершу зупинись
Коробка: %s	Коробка: %s
АВТОМАТ — W газ, S тормоз и назад	АВТОМАТ — W газ, S гальмо і назад
МЕХАНИКА — Shift сцепление, 1–5 / ] [ передачи, 0 нейтраль, − задняя	МЕХАНІКА — Shift зчеплення, 1–5 / ] [ передачі, 0 нейтраль, − задня
Двигатель заглушен	Двигун заглушено
Выжми сцепление (Shift) или поставь нейтраль	Вичави зчеплення (Shift) або постав нейтраль
Стартер крутит, а мотор не схватывает — бак пустой. Заправка у трассы	Стартер крутить, а мотор не схоплює — бак порожній. Заправка біля траси
Мотор не заводится — техника разбита. Нужна СТО у трассы	Мотор не заводиться — техніка розбита. Потрібна СТО біля траси
Двигатель заведён	Двигун заведено
Скрежет! Выжми сцепление (Shift)	Скрегіт! Вичави зчеплення (Shift)
Задняя только с места	Задня тільки з місця
Заглох! Выжми сцепление и заведи снова (R)	Заглух! Вичави зчеплення і заведи знову (R)
Мотор чихнул и заглох — кончился бензин. Заправка у трассы	Мотор чхнув і заглух — скінчився бензин. Заправка біля траси
Бензин на исходе — %d л	Бензин закінчується — %d л
Мотор заглох сам — техника изношена. Почини на СТО	Мотор заглух сам — техніка зношена. Полагодь на СТО
Упал! %s: %d%%	Упав! %s: %d%%
Бах! %s: %d%%	Бах! %s: %d%%
%s: %s — износ, поменяй на СТО в городе	%s: %s — знос, заміни на СТО в місті
Из-под капота дымит! Машину пора на СТО	З-під капота димить! Машину час на СТО
Свет: %s	Світло: %s
Дальний свет: %s	Дальнє світло: %s
включён	увімкнено
Без прав за руль нельзя: сначала автошкола в городе — паспорт, медсправка и экзамен	Без прав за кермо не можна: спершу автошкола в місті — паспорт, медична довідка й іспит
Нужна категория %s — экзамен в автошколе в городе	Потрібна категорія %s — іспит в автошколі в місті
У	У
УЧЕБНАЯ	НАВЧАЛЬНА
автошкола «Каменка»	автошкола «Кам'янка»
Иртыш	Іртиш
ИРТЫШ 5	ІРТИШ 5
мотоцикл	мотоцикл
грузовик	вантажівка
автобус	автобус
Экзамен на %s	Іспит на %s
змейка между конусами	змійка між конусами
разворот в конце площадки	розворот у кінці майданчика
рейс Каменка — город на ПМЗ, +%d грн	рейс Кам'янка — місто на ПМЗ, +%d грн
на ПМЗ со стоянки автошколы	на ПМЗ зі стоянки автошколи
Пассажиры вышли	Пасажири вийшли
рейс Каменка — город на ПМЗ: +%d грн (сегодня %d из %d)	рейс Кам'янка — місто на ПМЗ: +%d грн (сьогодні %d з %d)
остановка «Каменка»	зупинка «Кам'янка»
городская остановка	міська зупинка
стоянка автошколы — поставить ПМЗ	стоянка автошколи — поставити ПМЗ
АВТОШКОЛА	АВТОШКОЛА
ЭКЗАМЕНЫ НА КАТЕГОРИИ	ІСПИТИ НА КАТЕГОРІЇ
ПРАВИЛА ДОРОЖНОГО ДВИЖЕНИЯ	ПРАВИЛА ДОРОЖНЬОГО РУХУ
паспорт (сельсовет)	паспорт (сільрада)
медсправка (больница)	медична довідка (лікарня)
Идёт экзамен на %s — садись и заезжай на старт	Іде іспит на %s — сідай і заїжджай на старт
Категория %s (%s) у тебя уже есть	Категорія %s (%s) у тебе вже є
Категория %s: нужны %s	Категорія %s: потрібні %s
E — экзамен на категорию %s: %s (%d грн)	E — іспит на категорію %s: %s (%d грн)
Инструктор: «Категория %s. Ты на старте, на учебном «%s». Змейка, разворот, в конце — в разметку «P». Конусы не сбивай»	Інструктор: «Категорія %s. Ти на старті, на навчальному «%s». Змійка, розворот, наприкінці — в розмітку «P». Конуси не збивай»
Сдал на категорию %s за %d с! В правах теперь: %s	Склав на категорію %s за %d с! У правах тепер: %s
Категория %s не сдана: %s. Пересдача — у стенда автошколы	Категорію %s не складено: %s. Перескладання — біля стенда автошколи
АВТОШКОЛА ДОСААФ	АВТОШКОЛА ТСОУ
учебная	навчальна
Инструктор: «Учебная машина — только на экзамене!»	Інструктор: «Навчальна машина — тільки на іспиті!»
Автопарк: «Водителем автобуса — с категорией D и трудовой книжкой»	Автопарк: «Водієм автобуса — з категорією D і трудовою книжкою»
Автопарк: «Категория D есть — неси трудовую книжку из сельсовета»	Автопарк: «Категорія D є — неси трудову книжку із сільради»
Автопарк: «Три рейса за день — хватит, завтра приходи»	Автопарк: «Три рейси за день — досить, завтра приходь»
Автопарк: «Сонный водитель автобуса — беда. Выспись»	Автопарк: «Сонний водій автобуса — біда. Виспись»
Рейс Каменка — город сделан. Сегодня %d из %d. %s	Рейс Кам'янка — місто зроблено. Сьогодні %d з %d. %s
ЦОЙ ЖИВ	ЦОЙ ЖИВ
ПТУ-14 ФОРЕВА	ПТУ-14 ФОРЕВА
ПРАВДА	ПРАВДА
ЛЮБА + САША	ЛЮБА + САША
СПАРТАК	ДИНАМО
Овощи с огорода	Овочі з городу
Фрукты и арбузы	Фрукти й кавуни
Молоко, сметана, яйца	Молоко, сметана, яйця
Сало и мясо	Сало і м'ясо
Мёд, тарань, семечки	Мед, тараня, насіння
Картошка, ведро	Картопля, відро
своя, рассыпчатая — жарить и варить	своя, розсипчаста — смажити й варити
Помидоры с огурцами	Помідори з огірками
на салат, сочные — и поешь, и попьёшь	на салат, соковиті — і поїси, і поп'єш
Лук и морковка	Цибуля і морква
к борщу — дёшево	до борщу — дешево
Яблоки «белый налив»	Яблука «білий налив»
кислые, хрустят	кислі, хрумтять
Арбуз херсонский	Кавун херсонський
продавец постучит — звонкий, спелый	продавець постукає — дзвінкий, стиглий
Виноград	Виноград
сладкий, без косточек почти	солодкий, майже без кісточок
Молоко, трёхлитровая банка	Молоко, трилітрова банка
утренней дойки, банку вернуть не надо	ранкового доїння, банку повертати не треба
Сметана и творог	Сметана і сир
ложка стоит	ложка стоїть
Яйца, десяток	Яйця, десяток
домашние, желток оранжевый	домашні, жовток помаранчевий
Сало домашнее	Сало домашнє
с прослойкой, с чесноком	з прошарком, з часником
Колбаса «Докторская»	Ковбаса «Лікарська»
по ГОСТу, говорит продавец	за ГОСТом, каже продавець
Курица домашняя	Курка домашня
на суп хватит на три дня	на суп вистачить на три дні
Мёд гречишный, банка	Мед гречаний, банка
ложка мёда — и сил прибавилось	ложка меду — і сил побільшало
Тарань вяленая	Тараня в'ялена
солёная — потом пить захочется	солона — потім захочеться пити
Семечки, стакан	Насіння, склянка
жареные, в кулёчке из газеты	смажене, в кульку з газети
Помидорчики свежие, сладкие!	Помідорчики свіжі, солодкі!
Молодой человек, подходи — дешевле не найдёшь!	Молодий чоловіче, підходь — дешевше не знайдеш!
Сало домашнее, попробуй кусочек!	Сало домашнє, скуштуй шматочок!
Арбузы! Херсонские! Сахарные!	Кавуни! Херсонські! Цукрові!
Молочко утреннее, ещё тёплое!	Молочко ранкове, ще тепле!
Мёд гречишный, от всех болезней!	Мед гречаний, від усіх хвороб!
Девушка, берите яблочки — сама собирала!	Дівчино, беріть яблучка — сама збирала!
Семечки! Жареные! Стакан — пять гривен!	Насіння! Смажене! Склянка — п'ять гривень!
Уже торговался — больше не уступят	Уже торгувався — більше не поступляться
Продавец ещё дуется — цена та же	Продавець ще дметься — ціна та сама
«Ладно, для тебя — уступлю!» Сегодня здесь на 20% дешевле	«Гаразд, для тебе — поступлюся!» Сьогодні тут на 20% дешевше
«Не нравится — иди к соседке!» Обиделся: на 10% дороже	«Не подобається — йди до сусідки!» Образився: на 10% дорожче
Бочка с квасом стоит пустая — квас продают весной и летом с 9:00 до 18:00	Бочка з квасом стоїть порожня — квас продають навесні та влітку з 9:00 до 18:00
Кружка холодного кваса — хорошо! (−%d грн)	Кухоль холодного квасу — добре! (−%d грн)
Квас — весной и летом, с 9:00 до 18:00	Квас — навесні та влітку, з 9:00 до 18:00
E — кружка кваса (%d грн)	E — кухоль квасу (%d грн)
Помидоры 25	Помідори 25
Огурцы 15	Огірки 15
Картошка 6	Картопля 6
Капуста 8	Капуста 8
Яблоки 10	Яблука 10
Груши 15	Груші 15
Виноград 30	Виноград 30
Арбуз 3 / кг	Кавун 3 / кг
Молоко 10 / л	Молоко 10 / л
Сметана 20	Сметана 20
Яйца 25 / дес.	Яйця 25 / дес.
Сало 60 / кг	Сало 60 / кг
Курица 70	Курка 70
Мёд 50	Мед 50
Семечки 5 / стакан	Насіння 5 / склянка
Тарань 30	Тараня 30
КВАС	КВАС
Жора: «Ларёк продам за %d — и торгуй сам». E — перекупить (+%d грн в день, и твой ларёк снова с полным доходом)	Жора: «Ятку продам за %d — і торгуй сам». E — перекупити (+%d грн на день, і твоя ятка знову з повним доходом)
Банк: вклад %d грн, 10%% годовых. Положить нечего — 300 грн оставь на жизнь	Банк: вклад %d грн, 10%% річних. Покласти нічого — 300 грн залиш на життя
E — положить на вклад %d грн (10%% годовых, проценты каждое утро; 300 грн оставить на жизнь)	E — покласти на вклад %d грн (10%% річних, відсотки щоранку; 300 грн залишити на життя)
Положил %d грн. На вкладе: %d грн — 10%% годовых, проценты каждое утро	Поклав %d грн. На вкладі: %d грн — 10%% річних, відсотки щоранку
E — снять вклад: %d грн	E — зняти вклад: %d грн
Банк: вклада нет	Банк: вкладу немає
Снял со вклада %d грн	Зняв із вкладу %d грн
Акция сегодня уже идёт: день %d из %d. Жора теряет покупателей	Акція сьогодні вже йде: день %d з %d. Жора втрачає покупців
E — акция «дешевле, чем у Жоры»: %d грн, день %d из %d (доход сейчас +%d в день)	E — акція «дешевше, ніж у Жори»: %d грн, день %d з %d (дохід зараз +%d на день)
Твой автопарк простаивает: нужно %d своих машины, сейчас %d	Твій автопарк простоює: потрібно %d своїх машини, зараз %d
Твоё дело — %s: +%d грн каждое утро	Твоя справа — %s: +%d грн щоранку
Автопарк: нужно %d своих машины (сейчас %d) — потом +%d грн в день	Автопарк: потрібно %d своїх машини (зараз %d) — потім +%d грн на день
E — открыть автопарк из своих машин: +%d грн каждое утро	E — відкрити автопарк зі своїх машин: +%d грн щоранку
Продаётся %s: %d грн, доход %d грн в день — пока не хватает денег	Продається %s: %d грн, дохід %d грн на день — поки бракує грошей
E — выкупить %s за %d грн: +%d грн каждое утро	E — викупити %s за %d грн: +%d грн щоранку
ТВОЁ	ТВОЄ
АВТОПАРК	АВТОПАРК
3 машины	3 машини
ЛАРЁК ЖОРЫ	ЯТКА ЖОРИ
ТВОЙ ЛАРЁК	ТВОЯ ЯТКА
ЗАКРЫТО	ЗАЧИНЕНО
E — кинуть %d грн в кепку музыканту	E — кинути %d грн у кашкет музиканту
Музыкант кивнул: «Спасибо, друг! Эту — для тебя»	Музикант кивнув: «Дякую, друже! Ця — для тебе»
Работа	Робота
груз	вантаж
E — взять %s	E — взяти %s
E — положить %s (+%d грн)	E — покласти %s (+%d грн)
E — %s: %d × %d грн (%s)	E — %s: %d × %d грн (%s)
E — %s: %d × %d грн	E — %s: %d × %d грн
%s: носи %s — жёлтая стрелка покажет, куда. Уйдёшь — смена кончится	%s: носи %s — жовта стрілка покаже, куди. Підеш — зміна скінчиться
Сил больше нет — %d из %d, остальное завтра	Сил більше немає — %d з %d, решта завтра
%s: смена окончена — %d × %d = %d грн. %s	%s: зміну закінчено — %d × %d = %d грн. %s
%s: смена брошена — донёс %d из %d, получил %d грн	%s: зміну кинуто — доніс %d з %d, отримав %d грн
%s: %d из %d — %s	%s: %d з %d — %s
неси к стрелке	неси до стрілки
возьми %s	візьми %s
ПОГОНЯ! %s — за тобой милиция. Остановись — или попробуй оторваться	ПОГОНЯ! %s — за тобою міліція. Зупинись — або спробуй відірватися
ПОГОНЯ: милиция в %d м — остановись или оторвись (дальше %d м)	ПОГОНЯ: міліція за %d м — зупинись або відірвися (далі %d м)
Догнали! Лейтенант: «%s — штраф %d грн»	Наздогнали! Лейтенант: «%s — штраф %d грн»
Оторвался от милиции! Сегодня больше не гоняются — но лучше не попадайся	Відірвався від міліції! Сьогодні більше не ганяються — але краще не потрапляй
паспорт: фото и анкета	паспорт: фото й анкета
справку о прописке	довідку про реєстрацію
трудовую книжку	трудову книжку
СЕЛЬСОВЕТ	СІЛЬРАДА
Паспорт · прописка · трудовая	Паспорт · реєстрація · трудова
Пн–Сб 8:00–17:00	Пн–Сб 8:00–17:00
Сельсовет закрыт. Пн–Сб с 8:00 до 17:00	Сільрада зачинена. Пн–Сб з 8:00 до 17:00
Секретарь: «Все документы у тебя есть. Паспорт, прописка, трудовая — в порядке»	Секретар: «Усі документи в тебе є. Паспорт, реєстрація, трудова — в порядку»
E — оформить %s (%d грн, %d мин)	E — оформити %s (%d грн, %d хв)
Паспорт готов! С ним — в больницу на медкомиссию, потом в автошколу	Паспорт готовий! З ним — у лікарню на медкомісію, потім в автошколу
Справка о прописке: теперь ты официально житель Каменки	Довідка про реєстрацію: тепер ти офіційно мешканець Кам'янки
Трудовая книжка: с категорией D возьмут водителем автобуса	Трудова книжка: з категорією D візьмуть водієм автобуса
ЗАГС: распишут в сельсовете Пн–Сб с 8:00 до 17:00	РАЦС: розпишуть у сільраді Пн–Сб з 8:00 до 17:00
ЗАГС: «А невеста где? Приводи Олю — распишем»	РАЦС: «А наречена де? Приводь Олю — розпишемо»
ЗАГС: «Невеста без платья? Купите на рынке в городе»	РАЦС: «Наречена без сукні? Купіть на ринку в місті»
E — расписаться с Олей: свадьба!	E — розписатися з Олею: весілля!
БОЛЬНИЦА	ЛІКАРНЯ
Медкомиссия водителей · процедуры	Медкомісія водіїв · процедури
Ежедневно 8:00–17:00	Щодня 8:00–17:00
СКОРАЯ	ШВИДКА
E — процедуры и витамины: силы +40 (%d грн, 1 час)	E — процедури й вітаміни: сили +40 (%d грн, 1 година)
Больница: приём с 8:00 до 17:00	Лікарня: прийом з 8:00 до 17:00
Врач: «Медсправка у тебя есть — годен к вождению»	Лікар: «Медична довідка в тебе є — придатний до водіння»
Регистратура: «Без паспорта не записываем — паспорт в сельсовете»	Реєстратура: «Без паспорта не записуємо — паспорт у сільраді»
E — медкомиссия для водителей (%d грн, 2 часа)	E — медкомісія для водіїв (%d грн, 2 години)
Окулист, терапевт, хирург — годен! Медсправка есть: теперь в автошколу на любую категорию	Окуліст, терапевт, хірург — придатний! Медична довідка є: тепер в автошколу на будь-яку категорію
Медсестра поставила капельницу с витаминами — полегчало, силы +40	Медсестра поставила крапельницю з вітамінами — полегшало, сили +40
каждый вечер	щовечора
по %s	по %s
%s с %d:00 до %d:00	%s з %d:00 до %d:00
ДИСКОТЕКА	ДИСКОТЕКА
E — лимонад «Буратино» (20 грн)	E — лимонад «Буратіно» (20 грн)
%s: закрыто. Дискотека %s	%s: зачинено. Дискотека %s
E — в свой клуб: вход бесплатный	E — у свій клуб: вхід безкоштовний
E — билет на дискотеку: %d грн	E — квиток на дискотеку: %d грн
%s: заходи! Танцпол — «E» в такт музыке	%s: заходь! Танцпол — «E» в такт музиці
E — в такт! (%d из %d)	E — в такт! (%d з %d)
E — танцевать	E — танцювати
Ноги не держат — пора спать	Ноги не тримають — час спати
Танцуй: жми «E», когда вспыхивает пол	Танцюй: тисни «E», коли спалахує підлога
Ты зажёг танцпол! %d из %d в такт — приз за лучший танец %d грн	Ти запалив танцпол! %d з %d в такт — приз за найкращий танець %d грн
Ты зажёг танцпол! %d из %d в такт — все смотрят на тебя	Ти запалив танцпол! %d з %d в такт — усі дивляться на тебе
Потанцевал: %d из %d в такт. Слушай бит — «E» на вспышку пола	Потанцював: %d з %d в такт. Слухай біт — «E» на спалах підлоги
Лимонад «Буратино» — холодный, с пузырьками	Лимонад «Буратіно» — холодний, з бульбашками
Танцуй в такт: %d из %d, удар %d/%d	Танцюй у такт: %d з %d, удар %d/%d
Столик ваш до закрытия — танцуйте!	Столик ваш до закриття — танцюйте!
Столик на двоих — приходи с девушкой	Столик на двох — приходь із дівчиною
E — столик на двоих: ужин и шампанское (%d грн)	E — столик на двох: вечеря і шампанське (%d грн)
Ужин при свечах в %s. Оля: «Как в кино… Спасибо тебе!»	Вечеря при свічках у %s. Оля: «Як у кіно… Дякую тобі!»
Заезд	Заїзд
%s: въезжай на старт — жёлтый круг	%s: заїжджай на старт — жовте коло
(на «Семёрке»)	(на «Сімці»)
(на тракторе)	(на тракторі)
%s: въезжай на старт — жёлтый круг%s	%s: заїжджай на старт — жовте коло%s
%s: пошёл отсчёт! Лимит %d с	%s: пішов відлік! Ліміт %d с
вышел из машины	вийшов з машини
не уложился во время	не вклався в час
сбито конусов: %d	збито конусів: %d
Сбит конус! (%d из %d можно)	Збито конус! (%d з %d можна)
%s: %s   %d:%02d из %d:%02d   конусов сбито: %d	%s: %s   %d:%02d з %d:%02d   конусів збито: %d
встань в разметку ровно и остановись	стань у розмітку рівно і зупинись
проезжай через кольцо	проїжджай через кільце
ДОРОГОЙ РАЙОН	ДОРОГИЙ РАЙОН
частное владение	приватне володіння
ТВОЙ ДОМ	ТВІЙ ДІМ
ПРОДАЁТСЯ — %d грн	ПРОДАЄТЬСЯ — %d грн
E — домой: лечь спать до утра	E — додому: лягти спати до ранку
Дом №1 в Липках — %d грн. E — купить	Дім №1 у Липках — %d грн. E — купити
%s, %d — частный дом, не продаётся	%s, %d — приватний будинок, не продається
Дом №1 в Липках — твой! Здесь можно спать (E у двери)	Дім №1 у Липках — твій! Тут можна спати (E біля дверей)
РЫБА	РИБА
ПИРОЖКИ	ПИРІЖКИ
ЛОТЕРЕЯ	ЛОТЕРЕЯ
Сегодня воскресенье — ярмарка на площади Мира до 16:00: рыба дороже, пирожки, лотерея	Сьогодні неділя — ярмарок на площі Миру до 16:00: риба дорожча, пиріжки, лотерея
Ярмарка: рыбу берут по %d грн — поймай на пруду	Ярмарок: рибу беруть по %d грн — злови на ставку
E — продать рыбу: %d шт. по %d грн	E — продати рибу: %d шт. по %d грн
E — пирожки с капустой: %d шт. за %d грн	E — пиріжки з капустою: %d шт. за %d грн
Лотерея: билеты на сегодня кончились	Лотерея: квитки на сьогодні скінчилися
E — лотерейный билет за %d грн (осталось %d)	E — лотерейний квиток за %d грн (залишилось %d)
Рыбы с собой нет	Риби з собою немає
Продал %d рыб на ярмарке: +%d грн	Продав %d риб на ярмарку: +%d грн
Горячие пирожки: +%d еды в запас	Гарячі пиріжки: +%d їжі в запас
Билет выиграл %d грн!	Квиток виграв %d грн!
Без выигрыша. Повезёт в другой раз	Без виграшу. Пощастить наступного разу
ФЕРМА «КАМЕНКА»	ФЕРМА «КАМ'ЯНКА»
КОРОВНИК	КОРІВНИК
Твоя ферма: +%d грн каждое утро. Коров доить — в коровнике	Твоя ферма: +%d грн щоранку. Корів доїти — в корівнику
E — купить ферму за %d грн: коровник на 12 коров, гараж, ангар, трактор и грузовик; +%d грн каждое утро	E — купити ферму за %d грн: корівник на 12 корів, гараж, ангар, трактор і вантажівка; +%d грн щоранку
Коровник фермы. Купишь ферму — коровы твои	Корівник ферми. Купиш ферму — корови твої
Коров сегодня уже подоили. Завтра снова	Корів сьогодні вже подоїли. Завтра знову
E — подоить коров: %d мин, молоко сразу заберут, +%d грн	E — подоїти корів: %d хв, молоко одразу заберуть, +%d грн
Сил нет доить — выспись	Сил немає доїти — виспись
Дою коров	Дою корів
Подоил коров: сорок литров молока забрала молоковозка, +%d грн	Подоїв корів: сорок літрів молока забрала молоковозка, +%d грн
ТВОЯ ФЕРМА	ТВОЯ ФЕРМА
E — удар!	E — удар!
E — футбол с ребятами: 3 минуты или до %d голов	E — футбол із хлопцями: 3 хвилини або до %d голів
%s: «Начали! Ты бьёшь в дальние ворота. У мяча — E, удар»	%s: «Почали! Ти б'єш у дальні ворота. Біля м'яча — E, удар»
Физрук	Фізрук
Ребята	Хлопці
Физкультура	Фізкультура
Футбол	Футбол
%s: ты %d : %d ребята · %d:%02d — у мяча E: удар	%s: ти %d : %d хлопці · %d:%02d — біля м'яча E: удар
Аут! Мяч — с центра	Аут! М'яч — із центру
ГОЛ! Ты забил!	ГОЛ! Ти забив!
Гол в твои ворота…	Гол у твої ворота…
Победа	Перемога
Ничья	Нічия
Проиграл	Програв
Футбол окончен: %s, %d : %d. Ребята: «Приходи ещё!»	Футбол закінчено: %s, %d : %d. Хлопці: «Приходь ще!»
теннис	теніс
E — отбить!	E — відбити!
E — жми чаще!	E — тисни частіше!
E — %s с %s: 10 подач, E — когда мяч у тебя (приз %d грн)	E — %s з %s: 10 подач, E — коли м'яч у тебе (приз %d грн)
E — %s с %s: 10 подач, E — когда мяч у тебя	E — %s з %s: 10 подач, E — коли м'яч у тебе
E — %s с %s: жми E чаще, чем он давит (приз %d грн)	E — %s з %s: тисни E частіше, ніж він тисне (приз %d грн)
E — %s с %s: жми E чаще, чем он давит	E — %s з %s: тисни E частіше, ніж він тисне
Сил нет даже на %s — отдохни	Сил немає навіть на %s — відпочинь
%s: дожал руку %s!	%s: дотиснув руку %s!
Ушёл из-за стола — игра не считается	Пішов з-за столу — гра не зараховується
%s: отбито %d из %d, подача %d/%d	%s: відбито %d з %d, подача %d/%d
%s: отбил %d из %d	%s: відбив %d з %d
%s: [%s%s] — жми E!	%s: [%s%s] — тисни E!
%s: %s оказался сильнее	%s: %s виявився сильнішим
%s — победа! Приз %d грн	%s — перемога! Приз %d грн
%s — победа!	%s — перемога!
%d км/ч мимо поста ГАИ	%d км/год повз пост ДАІ
Инспектор ГАИ: «%d км/ч при ограничении 60! Штраф %d грн»	Інспектор ДАІ: «%d км/год при обмеженні 60! Штраф %d грн»
Инспектор машет жезлом: «Водитель, остановитесь у поста! Проверка документов»	Інспектор махає жезлом: «Водію, зупиніться біля посту! Перевірка документів»
Уехал от проверки документов	Поїхав від перевірки документів
Уехал от инспектора ГАИ! Номер записали — штраф %d грн	Поїхав від інспектора ДАІ! Номер записали — штраф %d грн
Права? Нету?	Права? Немає?
Категории %s нет!	Категорії %s немає!
Инспектор: «%s Штраф %d грн — и в автошколу!»	Інспектор: «%s Штраф %d грн — і в автошколу!»
Инспектор: «Машина еле живая — штраф %d грн, почини на СТО»	Інспектор: «Машина ледь жива — штраф %d грн, полагодь на СТО»
Инспектор: «Документы в порядке. Счастливого пути!»	Інспектор: «Документи в порядку. Щасливої дороги!»
. Денег нет — долг, оплатить в отделении милиции в городе	. Грошей немає — борг, сплатити у відділенні міліції в місті
цветы	квіти
конфеты «Красный мак»	цукерки «Червоний мак»
жена	дружина
невеста	наречена
твоя девушка	твоя дівчина
подруга	подруга
знакомая	знайома
E — поговорить с %s	E — поговорити з %s
Олей	Олею
девушкой	дівчиною
Оля теперь — %s!	Оля тепер — %s!
Как хорошо, что мы теперь вместе!	Як добре, що ми тепер разом!
Я на огороде полила, не переживай.	Я на городі полила, не переймайся.
Не задерживайся сегодня, ладно?	Не затримуйся сьогодні, гаразд?
Мама уже платье примеряла — говорит, красивое!	Мама вже сукню приміряла — каже, гарна!
Скорее бы свадьба!	Скоріше б весілля!
Когда в сельсовет пойдём?	Коли в сільраду підемо?
Я по тебе соскучилась!	Я за тобою скучила!
Ты у меня самый лучший.	Ти в мене найкращий.
Поедем вечером кататься? Только не гони!	Поїдемо ввечері кататися? Тільки не жени!
С тобой весело! Покатаешь ещё?	З тобою весело! Покатаєш ще?
В пятницу в клубе дискотека — пойдём?	У п'ятницю в клубі дискотека — підемо?
Мама спрашивала, кто это меня подвозил…	Мама питала, хто це мене підвозив…
Привет! Я Оля, живу через дорогу.	Привіт! Я Оля, живу через дорогу.
Говорят, ты машину купил? Покатаешь?	Кажуть, ти машину купив? Покатаєш?
Скучно в Каменке… Хоть бы на дискотеку кто позвал.	Нудно в Кам'янці… Хоч би на дискотеку хтось покликав.
Держи пирожки — сама пекла! (+2 еды в запас)	Тримай пиріжки — сама пекла! (+2 їжі в запас)
И садись обедать — борщ сварила!	І сідай обідати — борщ зварила!
Я уже сказала «да»!	Я вже сказала «так»!
Ты что-то хотел сказать?.. (сначала купи кольцо — рынок в городе)	Ти щось хотів сказати?.. (спершу купи обручку — ринок у місті)
Ой… давай не будем торопиться. Узнаем друг друга получше.	Ой… давай не будемо поспішати. Пізнаємо одне одного краще.
Да! Да, конечно да! Какое кольцо красивое… Пойдём в сельсовет — пусть распишут!	Так! Так, звісно так! Яка гарна обручка… Ходімо в сільраду — хай розпишуть!
Свадьба! Вся Каменка гуляет, гости надарили денег. Оля теперь твоя жена и живёт у тебя	Весілля! Уся Кам'янка гуляє, гості надарували грошей. Оля тепер твоя дружина і живе в тебе
Ты уже дарил сегодня! Спасибо, не надо больше.	Ти вже дарував сьогодні! Дякую, більше не треба.
Не хватает денег на %s (%d грн)	Бракує грошей на %s (%d грн)
Ой, %s! Мне?! Спасибо!	Ой, %s! Мені?! Дякую!
Поздно уже, мама не пустит. Давай завтра!	Пізно вже, мама не пустить. Давай завтра!
Пойдём! Только недалеко… или покатаешь?	Ходімо! Тільки недалеко… чи покатаєш?
Пойдём! Куда сегодня?	Ходімо! Куди сьогодні?
Оля: «Спасибо, что проводил! До завтра!»	Оля: «Дякую, що провів! До завтра!»
Ты танцевал с Олей! Она в восторге	Ти танцював з Олею! Вона в захваті
Оля: «Эй, меня подожди!» — подъедь к ней поближе	Оля: «Гей, мене зачекай!» — під'їдь до неї ближче
Оля: «Ой, поздно уже! Проводишь меня домой?»	Оля: «Ой, пізно вже! Проведеш мене додому?»
Оля обиделась, что её не проводили, и ушла домой сама	Оля образилася, що її не провели, і пішла додому сама
Оля: «В трактор вдвоём не влезть!»	Оля: «У трактор удвох не влізти!»
Оля села %s	Оля сіла %s
сзади	ззаду
рядом	поруч
Оля: «Ай! Ты что, аккуратнее!»	Оля: «Ай! Ти що, обережніше!»
Оля: «Страшно! Потише, пожалуйста!»	Оля: «Страшно! Тихіше, будь ласка!»
Как здорово кататься!	Як класно кататися!
Ветер в лицо — красота!	Вітер в обличчя — краса!
А куда мы едем?	А куди ми їдемо?
Включи музыку погромче!	Увімкни музику гучніше!
В холодильнике «Морозко» нашлось что поесть: +1 еды в запас	У холодильнику «Морозко» знайшлося що поїсти: +1 їжі в запас
E — магнитофон «Ветерок»	E — магнітофон «Вітерець»
E — выключить магнитофон	E — вимкнути магнітофон
E — включить магнитофон «Ветерок»	E — увімкнути магнітофон «Вітерець»
E — действие	E — дія
ПТУ №17	ПТУ №17
E — войти: %s	E — увійти: %s
E — выйти на улицу	E — вийти на вулицю
КУРС ВАЛЮТ	КУРС ВАЛЮТ
БАНК · ВКЛАДЫ 10% ГОДОВЫХ	БАНК · ВКЛАДИ 10% РІЧНИХ
Кассир: «Вклад %d грн, 10%% годовых. Положить нечего — 300 грн оставьте на жизнь»	Касир: «Вклад %d грн, 10%% річних. Покласти нічого — 300 грн залиште на життя»
E — положить на вклад %d грн (10%% годовых)	E — покласти на вклад %d грн (10%% річних)
Положил %d грн. На вкладе: %d грн — проценты каждое утро	Поклав %d грн. На вкладі: %d грн — відсотки щоранку
Кассир: «Вклада у вас нет. Открыть — в соседнем окошке»	Касир: «Вкладу у вас немає. Відкрити — в сусідньому віконці»
Кассир: «На вкладе %d грн. Проценты — каждое утро, 10%% в игровой год»	Касир: «На вкладі %d грн. Відсотки — щоранку, 10%% за ігровий рік»
РЕГИСТРАТУРА	РЕЄСТРАТУРА
Ш Б	Ш Б
М Н К	М Н К
Ы И Б Ш	И І Б Ш
МЫТЬ РУКИ ПЕРЕД ЕДОЙ!	МИЙТЕ РУКИ ПЕРЕД ЇЖЕЮ!
Медсестра: «Процедурная с 8:00 до 17:00»	Медсестра: «Процедурна з 8:00 до 17:00»
ПДД · УСТРОЙСТВО АВТОМОБИЛЯ	ПДР · БУДОВА АВТОМОБІЛЯ
ТЕХНИКА БЕЗОПАСНОСТИ	ТЕХНІКА БЕЗПЕКИ
ПРЕВЫШЕ ВСЕГО	ПОНАД УСЕ
ДВС ВМЗ-2101	ДВЗ ВМЗ-2101
Настольный теннис	Настільний теніс
Серёгой из группы	Сергієм із групи
Армрестлинг	Армрестлінг
Толяном-качком	Толяном-качком
КРУЖОК НАСТОЛЬНОГО ТЕННИСА	ГУРТОК НАСТІЛЬНОГО ТЕНІСУ
ЗАВОД «ИСКРА» · ЦЕХ №2	ЗАВОД «ІСКРА» · ЦЕХ №2
ПЛАН — ЗАКОН!	ПЛАН — ЗАКОН!
смена у станков: 4 детали, по полчаса	зміна біля верстатів: 4 деталі, по пів години
Точу деталь	Точу деталь
Деталь готова	Деталь готова
ОТДЕЛ КАДРОВ	ВІДДІЛ КАДРІВ
Отдел кадров: «Без трудовой книжки не оформим — её дают в сельсовете»	Відділ кадрів: «Без трудової книжки не оформимо — її дають у сільраді»
Завод: в воскресенье выходной	Завод: у неділю вихідний
токарный станок	токарний верстат
фрезерный станок	фрезерний верстат
сверлильный станок	свердлильний верстат
шлифовальный станок	шліфувальний верстат
МАГАЗИН 24 ЧАСА	МАГАЗИН 24 ГОДИНИ
E — магазин «24 часа»: хлеб, бургер, вода, ремнабор	E — магазин «24 години»: хліб, бургер, вода, ремнабір
ГРУЗОВОЙ ДВОР	ВАНТАЖНИЙ ДВІР
ТВОЁ ЖИЛЬЁ	ТВОЄ ЖИТЛО
Особняк продаётся — за 2500 GEARCOIN (E — открыть магазин)	Особняк продається — за 2500 GEARCOIN (E — відкрити магазин)
Заброшенная ферма	Покинута ферма
Водонапорная башня	Водонапірна вежа
Ветряная мельница	Вітряк
Церковь	Церква
Пилорама	Пилорама
Развалины кирпичного завода	Руїни цегельного заводу
Пасека деда Степана	Пасіка діда Степана
Молочная ферма	Молочна ферма
Пионерлагерь «Звёздочка»	Піонертабір «Зірочка»
Свалка старых машин	Звалище старих машин
Элеватор	Елеватор
Рыбацкие мостки	Рибальська кладка
Пожарная вышка	Пожежна вежа
Кирпичный завод «Красный Яр» · 1958	Цегельний завод «Червоний Яр» · 1958
ПИОНЕРЛАГЕРЬ «ЗВЁЗДОЧКА»	ПІОНЕРТАБІР «ЗІРОЧКА»
ПРИЁМ ЛОМА	ПРИЙОМ БРУХТУ
ЗАПЧАСТИ Б/У	ЗАПЧАСТИНИ Б/В
Дядя Гриша: «Закрыто! Приходи с %d утра до %d вечера»	Дядько Гриша: «Зачинено! Приходь з %d ранку до %d вечора»
E — дядя Гриша: продать машину или мотоцикл, б/у запчасти	E — дядько Гриша: продати машину чи мотоцикл, б/в запчастини
ЭЛЕВАТОР	ЕЛЕВАТОР
КЛЮЁТ! E — подсекай!	КЛЮЄ! E — підсікай!
Поплавок на воде — жди, пока нырнёт	Поплавець на воді — чекай, поки пірне
E — порыбачить на Быстрой	E — порибалити на Бистрій
площадь, у памятника	площа, біля пам'ятника
площадь, у лавочек	площа, біля лавок
тротуар у кафе	тротуар біля кафе
аллея парка	алея парку
парк, у фонтана	парк, біля фонтана
парк, у входа	парк, біля входу
развезти хлеб по трём сёлам	розвезти хліб по трьох селах
ХЛЕБОЗАВОД	ХЛІБОЗАВОД
РАБОТА	РОБОТА
Лотки сдал	Лотки здав
магазин, %s	магазин, %s
хлеб в %s — %d грн	хліб у %s — %d грн
подмести площадь и парк (5 куч листьев)	підмести площу і парк (5 куп листя)
Мету листья	Мету листя
Подмёл	Підмів
подстричь газоны у четырёх домов	підстригти газони біля чотирьох будинків
Стригу газон	Стрижу газон
Газон подстриг	Газон підстриг
газон у дома №%d	газон біля будинку №%d
бревно	колода
В лесу темно — работа на делянке с 7:00 до 18:00	У лісі темно — робота на ділянці з 7:00 до 18:00
Брёвна таскать сил нет. Выспись	Колоди тягати сил немає. Виспись
ДЕЛЯНКА	ДІЛЯНКА
белый гриб	білий гриб
подосиновик	підосичник
лисички	лисички
мухомор	мухомор
Мухомор — не для еды. E — сбить ногой	Мухомор — не для їжі. E — збити ногою
E — срезать: %s	E — зрізати: %s
Есть %s! +%d еды в запас. В лесу ещё грибов: %d	Є %s! +%d їжі в запас. У лісі ще грибів: %d
Мухомор полетел в кусты. Грибов ещё: %d	Мухомор полетів у кущі. Грибів ще: %d
ГАРАЖ	ГАРАЖ
E — гараж: выбрать технику (в гараже %d из %d)	E — гараж: обрати техніку (у гаражі %d з %d)
Выкатил из гаража «%s». Стоит на дорожке у дома	Викотив із гаража «%s». Стоїть на доріжці біля дому
В гараже вся техника: загнал %d	У гаражі вся техніка: загнав %d
МИЛИЦИЯ	МІЛІЦІЯ
ОТДЕЛЕНИЕ МИЛИЦИИ	ВІДДІЛЕННЯ МІЛІЦІЇ
ГАИ · НОМЕРА	ДАІ · НОМЕРИ
ГАИ: номера регистрируют с 8:00 до 17:00	ДАІ: номери реєструють з 8:00 до 17:00
E — ГАИ: новый номер для своей машины (от %d грн)	E — ДАІ: новий номер для своєї машини (від %d грн)
ДЕЖУРНАЯ ЧАСТЬ	ЧЕРГОВА ЧАСТИНА
E — оплатить штрафы: %d грн	E — сплатити штрафи: %d грн
Долг по штрафам %d грн — не хватает денег	Борг за штрафами %d грн — бракує грошей
Дежурный: «Обход не закончен — иди по стрелке»	Черговий: «Обхід не закінчено — йди за стрілкою»
Дежурный: «Сегодня ты уже отдежурил. Спасибо, дружинник!»	Черговий: «Сьогодні ти вже відчергував. Дякую, дружиннику!»
Дежурный: «Дружинники нужны вечером, с 18:00 до 23:00»	Черговий: «Дружинники потрібні ввечері, з 18:00 до 23:00»
E — дружинник: вечерний обход города, 5 точек, +%d грн	E — дружинник: вечірній обхід міста, 5 точок, +%d грн
Штрафы оплачены: %d грн. Долгов нет	Штрафи сплачено: %d грн. Боргів немає
Дежурный: «Надевай повязку — обойди город, жёлтая стрелка покажет куда»	Черговий: «Одягай пов'язку — обійди місто, жовта стрілка покаже куди»
Обход дружинника: точка %d из %d — иди к стрелке	Обхід дружинника: точка %d з %d — йди до стрілки
Обход не закончен к полуночи — без оплаты	Обхід не закінчено до півночі — без оплати
Обход закончен, в городе тихо. +%d грн	Обхід закінчено, в місті тихо. +%d грн
в Каменке	у Кам'янці
в городе	у місті
в селе %s	у селі %s
ПО ДОМАМ	ПО ДОМІВКАХ
Посылку вручил	Посилку вручив
посылки по домам %s — %d адреса, %d грн	посилки по домівках %s — %d адреси, %d грн
В ПОЧТУ	НА ПОШТУ
Мешок сдал	Мішок здав
почта %s	пошта %s
мешок посылок — %s, %d грн	мішок посилок — %s, %d грн
дом %d в Каменке	будинок %d у Кам'янці
пятиэтажка на Садовой, 1	п'ятиповерхівка на Садовій, 1
пятиэтажка на Садовой, 2	п'ятиповерхівка на Садовій, 2
пятиэтажка на Садовой, 3	п'ятиповерхівка на Садовій, 3
больница	лікарня
рынок	ринок
вокзал	вокзал
дом %d в селе %s	будинок %d у селі %s
ПОЧТА	ПОШТА
Привет, мой рыцарь! Корону не трогай — она для настоящей принцессы.	Привіт, мій лицарю! Корону не чіпай — вона для справжньої принцеси.
Пойдём погуляем? Снежка с Рыжиком уже хвостами виляют.	Ходімо погуляємо? Сніжка з Рудиком уже хвостами виляють.
Ты сегодня опять на работе пропадал? Я соскучилась!	Ти сьогодні знову на роботі пропадав? Я скучила!
Барсик опять спал на твоём мопеде. Он тебя тоже любит.	Барсик знову спав на твоєму мопеді. Він тебе теж любить.
Купишь мне розовую «Волжанку»? Будем возить собачек на речку.	Купиш мені рожеву «Волжанку»? Возитимемо собачок на річку.
Снежка, дай лапу! Видишь — она тебя уже слушается.	Сніжко, дай лапу! Бачиш — вона тебе вже слухається.
С тобой хоть на край района. Только не по грязи — у меня туфли.	З тобою хоч на край району. Тільки не по багнюці — в мене туфлі.
Всё, мы домой — собачек кормить. Заходи вечером!	Усе, ми додому — собачок годувати. Заходь увечері!
Спасибо за прогулку, милый. Не скучай!	Дякую за прогулянку, любий. Не сумуй!
Барсик устал, пора домой. Целую!	Барсик утомився, час додому. Цілую!
Явился! Где ты пропадал? Я тебя ждала-ждала!	З'явився! Де ти пропадав? Я тебе чекала-чекала!
Не подходи. Корону не трогай. И собачек не трогай!	Не підходь. Корону не чіпай. І собачок не чіпай!
Гулять? С тобой? Сначала заслужи. Брелочек хотя бы купи.	Гуляти? З тобою? Спершу заслужи. Брелочок хоча б купи.
Барсик, фас! Ну ладно, Барсик не умеет. Но я злая!	Барсику, фас! Ну гаразд, Барсик не вміє. Але я зла!
брелок-коронка	брелок-коронка
собачка Снежка	собачка Сніжка
кот Барсик	кіт Барсик
сердечко	сердечко
звёздочка	зірочка
розовая «Волжанка»	рожева «Волжанка»
E — Принцесса (%s): поговорить, гулять, брелочки	E — Принцеса (%s): поговорити, гуляти, брелочки
добрая	добра
злая	зла
злая!	зла!
Купил у Принцессы брелок: %s. В коллекции %d из %d	Купив у Принцеси брелок: %s. У колекції %d з %d
Не пойду! Сначала помирись со мной.	Не піду! Спершу помирися зі мною.
Принцесса обняла тебя — сил прибавилось	Принцеса обійняла тебе — сил побільшало
Принцесса не угналась за тобой и пошла домой	Принцеса не встигла за тобою і пішла додому
Ретро-волна	Ретро-хвиля
Эстрада	Естрада
В Каменке рекордный урожай картошки — не забывайте поливать огороды!	У Кам'янці рекордний урожай картоплі — не забувайте поливати городи!
Автосалон у въезда в город: «Тайга», «Волжанка» и ГМЗ-53 ждут хозяев.	Автосалон біля в'їзду в місто: «Тайга», «Волжанка» і ГМЗ-53 чекають на господарів.
Бригадир колхоза «Заря» ищет трактористов на пахоту.	Бригадир колгоспу «Зоря» шукає трактористів на оранку.
ГАИ напоминает: у Каменки — не быстрее шестидесяти!	ДАІ нагадує: біля Кам'янки — не швидше шістдесяти!
Рыбаки говорят: на пруду снова видели щуку.	Рибалки кажуть: на ставку знову бачили щуку.
Грибники, осенью в лесу грибов вдвое больше. Мухоморы не брать!	Грибники, восени в лісі грибів удвічі більше. Мухомори не брати!
Склад в городе набирает грузчиков — платят сразу.	Склад у місті набирає вантажників — платять одразу.
Такси у площади Мира: водители с правами, подходите!	Таксі біля площі Миру: водії з правами, підходьте!
Радио выключено	Радіо вимкнено
Радио: «%s»	Радіо: «%s»
Радио: «%s» — настраивается…	Радіо: «%s» — налаштовується…
Синоптики: сейчас %s. %s	Синоптики: зараз %s. %s
Возможна гроза — берегитесь молний!	Можлива гроза — бережіться блискавок!
Одевайтесь по погоде!	Одягайтеся по погоді!
Завтра воскресенье — ярмарка на площади Мира с восьми до четырёх!	Завтра неділя — ярмарок на площі Миру з восьмої до четвертої!
Сегодня ярмарка на площади Мира: рыба дороже, лотерея, пирожки!	Сьогодні ярмарок на площі Миру: риба дорожча, лотерея, пиріжки!
До смены сезона — %d дн. Скоро %s!	До зміни сезону — %d дн. Скоро %s!
КАМЕНКА	КАМ'ЯНКА
Озерцово	Озерцеве
За селом озеро — караси с ладонь. Мостки есть, бери удочку.	За селом озеро — карасі з долоню. Кладка є, бери вудку.
Районный автобус раз в полдня к нам заходит, в Каменку — хоть каждый час.	Районний автобус раз на пів дня до нас заходить, у Кам'янку — хоч щогодини.
Раньше тут клуб был, кино крутили. Теперь телевизор у каждого.	Раніше тут клуб був, кіно крутили. Тепер телевізор у кожного.
Первомай	Первомай
За рекой живём! Мост деревянный — по нему не гони, доски старые.	За річкою живемо! Міст дерев'яний — по ньому не жени, дошки старі.
Из Первомая до города через Заречье ближе, по восточной грунтовке.	З Первомаю до міста через Заріччя ближче, по східній ґрунтовці.
Весной дорогу так развозит, что только на тракторе и проедешь.	Навесні дорогу так розвозить, що тільки трактором і проїдеш.
Тошики	Тошики
Тошики — село маленькое, зато грибов в лесу — хоть косой коси.	Тошики — село маленьке, зате грибів у лісі — хоч косою коси.
В Дубраве на юге кабаны ходят, осторожней там по вечерам.	У Діброві на півдні кабани ходять, обережніше там увечері.
У нас каждый второй на «Тайге». Дороги такие — иначе никак.	У нас кожен другий на «Тайзі». Дороги такі — інакше ніяк.
Заречье	Заріччя
Заречье — потому что за Быстрой. Мост на трассе ещё при Союзе строили.	Заріччя — бо за Бистрою. Міст на трасі ще за Союзу будували.
Колхоз наш развалился, теперь кто во что горазд: кто пчёлы, кто картошка.	Колгосп наш розвалився, тепер хто на що здатен: хто бджоли, хто картопля.
Внук в городе на СТО работает, говорит — деньги хорошие.	Онук у місті на СТО працює, каже — гроші добрі.
Сосновка	Соснівка
Сосновка — самый край района. Дальше только лес да болота.	Соснівка — самий край району. Далі тільки ліс та болота.
Из Озерцово к нам дорога через бор — в дождь не суйся.	З Озерцевого до нас дорога через бір — у дощ не пхайся.
Летом черники столько, что вёдрами носим.	Улітку чорниць стільки, що відрами носимо.
Красный Яр	Червоний Яр
Красный Яр — за Первомаем, через лес. Глина у нас красная, отсюда и имя.	Червоний Яр — за Первомаєм, через ліс. Глина в нас червона, звідси й назва.
Раньше кирпичный завод был, теперь развалины одни.	Раніше цегельний завод був, тепер самі руїни.
Автобус районный к нам редко, но доходит.	Автобус районний до нас рідко, але доходить.
Берёзовка	Березівка
Берёзовка — тишина, воздух. Городские на лето дачи снимают.	Березівка — тиша, повітря. Міські на літо дачі винаймають.
Из Тошиков к нам одна дорога, зимой её не чистят.	З Тошиків до нас одна дорога, взимку її не чистять.
Пасека у деда Степана — мёд лучший в районе.	Пасіка в діда Степана — мед найкращий у районі.
Лужки	Лужки
Лужки — луга заливные, весной Быстрая разливается до самого села.	Лужки — луки заплавні, навесні Бистра розливається аж до самого села.
Коров у нас больше, чем людей. Молоко в город возим.	Корів у нас більше, ніж людей. Молоко в місто возимо.
Из Заречья к нам на «Семёрке» доедешь, если сухо.	Із Заріччя до нас на «Сімці» доїдеш, якщо сухо.
Горки	Гірки
Горки — на самом севере. Дорога от Каменки через поля, мимо леса.	Гірки — на самій півночі. Дорога від Кам'янки через поля, повз ліс.
Зимой к нам только трактор пробьётся, а летом — красота.	Узимку до нас тільки трактор проб'ється, а влітку — краса.
Тут раньше пионерский лагерь стоял, в лесу ещё корпуса видны.	Тут раніше піонерський табір стояв, у лісі ще корпуси видно.
Заозерье	Заозер'я
Заозерье — последнее село на западе по трассе. Дальше — соседний район.	Заозер'я — останнє село на заході по трасі. Далі — сусідній район.
Дальнобойщики у нас ночуют, кафе бы открыть — да денег нет.	Далекобійники в нас ночують, кафе б відкрити — та грошей немає.
До Каменки по трассе — минут пятнадцать на «Семёрке».	До Кам'янки по трасі — хвилин п'ятнадцять на «Сімці».
Степное	Степове
Степное — на востоке, за рекой и лесом. Тут ветер всегда.	Степове — на сході, за річкою і лісом. Тут вітер завжди.
Пшеницу сеем, зерно в город возим. Грузовик бы свой...	Пшеницю сіємо, зерно в місто возимо. Вантажівку б свою...
Автобус районный заходит, но раз в полдня.	Автобус районний заходить, але раз на пів дня.
Малиновка	Малинівка
Малиновка — на юге, вдоль Быстрой. Малины в оврагах — море.	Малинівка — на півдні, вздовж Бистрої. Малини в ярах — море.
К нам дорога от трассы у города, прямо на юг, не заблудишься.	До нас дорога від траси біля міста, прямо на південь, не заблукаєш.
Рыбаки из города к нам на Быструю ездят — клюёт хорошо.	Рибалки з міста до нас на Бистру їздять — клює добре.
↑ Озерцово 4 км	↑ Озерцеве 4 км
↓ Тошики 5 км	↓ Тошики 5 км
↓ Заречье 4 км	↓ Заріччя 4 км
↑ Первомай 5 км	↑ Первомай 5 км
↑ Первомай 7 км	↑ Первомай 7 км
E — порыбачить на озере	E — порибалити на озері
ПРОДУКТЫ	ПРОДУКТИ
Магазин закрыт. Работает с 8:00 до 21:00	Магазин зачинено. Працює з 8:00 до 21:00
E — купить хлеб и молоко (40 грн)	E — купити хліб і молоко (40 грн)
РАЙОННЫЙ	РАЙОННИЙ
по сёлам	по селах
Районный автобус ходит с 6:00 до 22:00	Районний автобус ходить з 6:00 до 22:00
E — районный автобус: сейчас в %s (%d грн). Каждый час — в другое село	E — районний автобус: зараз у %s (%d грн). Щогодини — в інше село
Приехал в %s. %s. Назад — с остановки, автобус до Каменки	Приїхав у %s. %s. Назад — із зупинки, автобус до Кам'янки
Село %s. Побывал в %d из %d соседних сёл	Село %s. Побував у %d з %d сусідніх сіл
%s, поворот	%s, поворот
КАФЕ «ДОРОЖНОЕ»	КАФЕ «ДОРОЖНЄ»
шашлык · борщ · чай	шашлик · борщ · чай
Кафе закрыто. Открыто с 7:00 до 23:00	Кафе зачинено. Відчинено з 7:00 до 23:00
E — пообедать: шашлык и борщ (%d грн)	E — пообідати: шашлик і борщ (%d грн)
Шашлык с лучком и тарелка борща — сытно. Дальнобойщики хвалят	Шашлик із цибулькою і тарілка борщу — ситно. Далекобійники хвалять
АЗС: подгони машину к колонкам	АЗС: піджени машину до колонок
Бак полный (%d л)	Бак повний (%d л)
E — заправить %d л за %d грн (в баке %d л)	E — заправити %d л за %d грн (у баку %d л)
Заправил %d л. В баке %d л	Заправив %d л. У баку %d л
ШИНОМОНТАЖ	ШИНОМОНТАЖ
ДОРОЖНЫЕ	ДОРОЖНІ
РАБОТЫ	РОБОТИ
%s: %s (%d из %d)	%s: %s (%d з %d)
%s: сначала закончи «%s»	%s: спершу закінчи «%s»
%s: работа с %d:00 до %d:00	%s: робота з %d:00 до %d:00
пешком	пішки
на мопеде или машине	на мопеді або машині
%s: сначала — %s (%s), плата %d грн. Стрелка покажет дорогу	%s: спершу — %s (%s), оплата %d грн. Стрілка покаже дорогу
%s: %s — %d из %d, %d грн	%s: %s — %d з %d, %d грн
%s. Дальше — %s (%d из %d)	%s. Далі — %s (%d з %d)
%s: работа сделана, +%d грн	%s: роботу зроблено, +%d грн
Математика	Математика
Столовая	Їдальня
Литература	Література
Рисование	Малювання
Лепка	Ліплення
Марья Ивановна	Марія Іванівна
Анна Петровна	Ганна Петрівна
Виктор Семёнович	Віктор Семенович
Галина Фёдоровна	Галина Федорівна
Физрук Пал Палыч	Фізрук Пал Палич
Кто написал «Евгения Онегина»?	Хто написав «Євгенія Онєгіна»?
Пушкин	Пушкін
Лермонтов	Лермонтов
Гоголь	Гоголь
Кто автор рассказа «Муму»?	Хто автор оповідання «Муму»?
Тургенев	Тургенєв
Толстой	Толстой
Чехов	Чехов
Кого в «Ревизоре» приняли за ревизора?	Кого в «Ревізорі» прийняли за ревізора?
Хлестакова	Хлестакова
Чичикова	Чичикова
Обломова	Обломова
Кто написал басню «Стрекоза и Муравей»?	Хто написав байку «Бабка і Мураха»?
Крылов	Крилов
Есенин	Єсенін
Кто автор «Кобзаря»?	Хто автор «Кобзаря»?
Шевченко	Шевченко
Франко	Франко
Котляревский	Котляревський
Кто написал «Войну и мир»?	Хто написав «Війну і мир»?
Лев Толстой	Лев Толстой
Достоевский	Достоєвський
Кто написал «Мёртвые души»?	Хто написав «Мертві душі»?
Грибоедов	Грибоєдов
Куприн	Купрін
Кто написал рассказ «Каштанка»?	Хто написав оповідання «Каштанка»?
Бунин	Бунін
Горький	Горький
Илья Муромец, Добрыня Никитич и…	Ілля Муромець, Добриня Микитич і…
Алёша Попович	Альоша Попович
Иван Царевич	Іван Царевич
Садко	Садко
Кто автор «Лесной песни»?	Хто автор «Лісової пісні»?
Леся Украинка	Леся Українка
Марко Вовчок	Марко Вовчок
В какой сказке Пушкина старик ловит рыбку?	У якій казці Пушкіна старий ловить рибку?
О рыбаке и рыбке	Про рибалку і рибку
О царе Салтане	Про царя Салтана
О попе и Балде	Про попа і Балду
Кто написал «Тараса Бульбу»?	Хто написав «Тараса Бульбу»?
Шолохов	Шолохов
Кто написал «Преступление и наказание»?	Хто написав «Злочин і кару»?
Чьё стихотворение «Белая берёза под моим окном»?	Чий вірш «Біла береза під моїм вікном»?
Есенина	Єсеніна
Маяковского	Маяковського
Блока	Блока
Кто написал «Энеиду» на украинском?	Хто написав «Енеїду» українською?
Сковорода	Сковорода
Как зовут героя «Тихого Дона»?	Як звати героя «Тихого Дону»?
Григорий Мелехов	Григорій Мелехов
Пьер Безухов	П'єр Безухов
Павка Корчагин	Павка Корчагін
Кто автор «Героя нашего времени»?	Хто автор «Героя нашого часу»?
Как называется сказка Ершова?	Як називається казка Єршова?
Конёк-Горбунок	Коник-Горбоконик
Колобок	Колобок
Морозко	Морозко
солнце	сонце
домик	будиночок
ёлку	ялинку
яблоко	яблуко
рыбу	рибу
вазу	вазу
кувшин	глечик
горшок	горщик
чашу	чашу
ШКОЛА № 1	ШКОЛА № 1
Уроки: пн–пт 8:00–14:00	Уроки: пн–пт 8:00–14:00
Вечерняя школа 18:00–21:00	Вечірня школа 18:00–21:00
Кикер	Кікер
Вовкой из 9-Б	Вовкою з 9-Б
КИКЕР	КІКЕР
E — викторина «Знатоки»: 5 весёлых вопросов (приз %d грн)	E — вікторина «Знавці»: 5 веселих запитань (приз %d грн)
E — викторина «Знатоки»: 5 весёлых вопросов	E — вікторина «Знавці»: 5 веселих запитань
Викторина «Знатоки»	Вікторина «Знавці»
Сколько колёс у «Ушастика»?	Скільки коліс у «Вухастика»?
Четыре	Чотири
Три	Три
Шесть	Шість
Что кричат в футболе, когда забили?	Що кричать у футболі, коли забили?
Гол!	Гол!
Пас!	Пас!
Аут!	Аут!
Какого цвета «Скорая» в Каменке?	Якого кольору «Швидка» в Кам'янці?
Белая с красным	Біла з червоним
Зелёная	Зелена
Чёрная	Чорна
Кто живёт в ГСК «Мотор»?	Хто живе в ГБК «Мотор»?
Машины в гаражах	Машини в гаражах
Коровы	Корови
Рыбы	Риби
Что делает светофор на красный?	Що робить світлофор на червоний?
Велит стоять	Велить стояти
Велит ехать	Велить їхати
Сигналит	Сигналить
Из чего Оля варит борщ?	З чого Оля варить борщ?
Из свёклы	З буряка
Из шоколада	З шоколаду
Из гвоздей	Із цвяхів
Что нужно «Карпатам», чтобы поехать?	Що потрібно «Карпатам», щоб поїхати?
Бензин с маслом	Бензин із маслом
Солярка	Солярка
Молоко	Молоко
Где в Каменке ловят карасей?	Де в Кам'янці ловлять карасів?
На пруду	На ставку
В колодце	У криниці
В сельмаге	У сільмазі
Сколько минут в часе?	Скільки хвилин у годині?
Кто чинит машины на СТО?	Хто лагодить машини на СТО?
Механик	Механік
Почтальон	Листоноша
Доярка	Доярка
ДОСКА ПОЧЁТА	ДОШКА ПОШАНИ
РАСПИСАНИЕ	РОЗКЛАД
1. Математика	1. Математика
2. Литература	2. Література
3. Рисование	3. Малювання
4. Лепка	4. Ліплення
«Мороз и солнце;	«Мороз і сонце;
день чудесный!»	день чудесний!»
БУФЕТ	БУФЕТ
Буфет закрыт	Буфет зачинено
E — пирожок и компот (%d грн)	E — пиріжок і компот (%d грн)
Пирожок с капустой и компот. Съесть — Q	Пиріжок із капустою і компот. З'їсти — Q
%s: уроков сейчас нет. Пн–Пт 8:00–14:00, вечерняя школа 18:00–21:00	%s: уроків зараз немає. Пн–Пт 8:00–14:00, вечірня школа 18:00–21:00
%s: «На сегодня хватит, приходи завтра»	%s: «На сьогодні досить, приходь завтра»
сесть за парту	сісти за парту
%s: «Физкультура — только днём, вечером поле для ребят»	%s: «Фізкультура — тільки вдень, увечері поле для хлопців»
E — урок физкультуры: матч с ребятами на оценку. %s	E — урок фізкультури: матч із хлопцями на оцінку. %s
встать к мольберту	стати до мольберта
сесть за гончарный круг	сісти за гончарне коло
E — %s: %s (45 мин). %s	E — %s: %s (45 хв). %s
%s: «Свисток! Три минуты: кто больше забьёт»	%s: «Свисток! Три хвилини: хто більше заб'є»
Математика · %s: «Решаем примеры в уме»	Математика · %s: «Розв'язуємо приклади в умі»
Литература · %s: «Проверим, кто читал»	Література · %s: «Перевіримо, хто читав»
Рисование · %s: «Нарисуй %s — веди пальцем по контуру»	Малювання · %s: «Намалюй %s — веди пальцем по контуру»
Лепка · %s: «Вылепи %s — веди пальцем по краю глины, повтори пунктир»	Ліплення · %s: «Виліпи %s — веди пальцем по краю глини, повтори пунктир»
Буханка хлеба — %d грн. Сколько стоят %d буханки?	Буханка хліба — %d грн. Скільки коштують %d буханки?
В баке %d л, долили %d л. Сколько стало?	У баку %d л, долили %d л. Скільки стало?
Корова даёт %d л молока в день. Сколько за %d дня?	Корова дає %d л молока на день. Скільки за %d дні?
Автобус везёт %d человек, вышли %d. Сколько осталось?	Автобус везе %d людей, вийшли %d. Скільки залишилось?
Викторина: %s — умник! Приз %d грн	Вікторина: %s — розумник! Приз %d грн
Викторина: %s	Вікторина: %s
Отлично, пять!	Відмінно, п'ять!
Хорошо, четыре	Добре, чотири
Тройка. Старайся	Трійка. Старайся
Два! Позор	Два! Ганьба
%s: «%s» (%s). Средний балл %.1f	%s: «%s» (%s). Середній бал %.1f
счёт %d : %d	рахунок %d : %d
Футбол: ребята гоняют мяч с 8:00 до 20:00	Футбол: хлопці ганяють м'яча з 8:00 до 20:00
Директор: «Средний балл %.1f — маловато для аттестата. Подтяни до 3,5»	Директор: «Середній бал %.1f — замало для атестата. Підтягни до 3,5»
Выпускной! Аттестат о среднем образовании, средний балл %.1f. Колхоз дарит %d грн	Випускний! Атестат про середню освіту, середній бал %.1f. Колгосп дарує %d грн
Проехал на красный! Штраф %d грн	Проїхав на червоний! Штраф %d грн
Прохожий: «Эй, куда прёшь!»	Перехожий: «Гей, куди преш!»
Прохожая: «Смотри, куда едешь!»	Перехожа: «Дивись, куди їдеш!»
«Тротуар тебе не дорога!»	«Тротуар тобі не дорога!»
Пастух гонит коров на луг — на деревенской улице осторожнее	Пастух жене корів на луг — на сільській вулиці обережніше
на стоянку такси в городе	на стоянку таксі в місті
к сельмагу «Каменка»	до сільмагу «Кам'янка»
к остановке у Каменки	до зупинки біля Кам'янки
на АЗС у трассы	на АЗС біля траси
в колхоз «Заря»	у колгосп «Зоря»
к пруду	до ставка
к автошколе	до автошколи
на площадь Мира	на площу Миру
на дискотеку «Метелица»	на дискотеку «Метелиця»
в больницу	у лікарню
в Озерцово, к магазину	в Озерцеве, до магазину
в Первомай, к магазину	у Первомай, до магазину
в Тошики, к магазину	у Тошики, до магазину
в Заречье, к магазину	у Заріччя, до магазину
в Сосновку, к магазину	у Соснівку, до магазину
в Красный Яр, к магазину	у Червоний Яр, до магазину
в Берёзовку, к магазину	у Березівку, до магазину
в Лужки, к магазину	у Лужки, до магазину
в Горки, к магазину	у Гірки, до магазину
в Заозерье, к магазину	у Заозер'я, до магазину
в Степное, к магазину	у Степове, до магазину
в Малиновку, к магазину	у Малинівку, до магазину
Пассажир: «А права-то у тебя есть?» — сдай на права в автошколе в городе	Пасажир: «А права в тебе є?» — склади на права в автошколі в місті
Такси: пассажира — %s, %d:%02d	Таксі: пасажира — %s, %d:%02d
Пассажир не дождался и ушёл пешком	Пасажир не дочекався і пішов пішки
Пассажир: «Мне %s. Быстро довезёшь — не обижу!»	Пасажир: «Мені %s. Швидко довезеш — не скривджу!»
на «Волжанке» — с шиком	на «Волжанці» — з шиком
чаевые за быстрый и мягкий ход	чайові за швидку і м'яку їзду
без чаевых — растряс пассажира	без чайових — розтряс пасажира
Приехали! +%d грн%s	Приїхали! +%d грн%s
Что смазывает мотор изнутри?	Що змащує мотор зсередини?
Моторное масло	Моторне масло
Тосол	Тосол
Тормозная жидкость	Гальмівна рідина
Мотор перегрелся, стрелка в красной зоне — что сделать первым?	Мотор перегрівся, стрілка в червоній зоні — що зробити першим?
Остановиться и дать остыть	Зупинитися і дати охолонути
Долить холодной воды в горячий радиатор	Долити холодної води в гарячий радіатор
Газовать сильнее	Газувати сильніше
Педаль тормоза проваливается — что проверить?	Педаль гальма провалюється — що перевірити?
Тормозную жидкость и колодки	Гальмівну рідину і колодки
Масло в моторе	Масло в моторі
Давление в шинах	Тиск у шинах
Зачем нужно сцепление?	Навіщо потрібне зчеплення?
Отсоединить мотор от коробки при переключении	Від'єднати мотор від коробки під час перемикання
Чтобы машина светила фарами	Щоб машина світила фарами
Охлаждать мотор	Охолоджувати мотор
Свечи зажигания нужны, чтобы…	Свічки запалювання потрібні, щоб…
Поджигать смесь в цилиндрах	Підпалювати суміш у циліндрах
Светить в салоне	Світити в салоні
Заряжать аккумулятор	Заряджати акумулятор
Машина плохо заводится в мороз. Что виновато чаще всего?	Машина погано заводиться в мороз. Що найчастіше винне?
Слабый аккумулятор	Слабкий акумулятор
Грязные стёкла	Брудне скло
Новые колодки	Нові колодки
Карбюратор…	Карбюратор…
Готовит смесь бензина с воздухом	Готує суміш бензину з повітрям
Охлаждает тормоза	Охолоджує гальма
Крутит колёса	Крутить колеса
Стук в подвеске на кочках — это обычно…	Стукіт у підвісці на купинах — це зазвичай…
Изношенные амортизаторы	Зношені амортизатори
Пустой бак	Порожній бак
Громкое радио	Гучне радіо
Какое давление в шинах «Семёрки»?	Який тиск у шинах «Сімки»?
Около двух атмосфер	Близько двох атмосфер
Десять атмосфер	Десять атмосфер
Полатмосферы	Пів атмосфери
Ремень генератора свистит — значит…	Пасок генератора свистить — отже…
Ослаб или изношен	Ослаб або зношений
Мотор новый	Мотор новий
Бензин хороший	Бензин добрий
Масло в моторе меняют примерно каждые…	Масло в моторі міняють приблизно кожні…
10 тысяч километров	10 тисяч кілометрів
100 километров	100 кілометрів
Никогда	Ніколи
Синий дым из выхлопной трубы — признак того, что…	Синій дим із вихлопної труби — ознака того, що…
Мотор ест масло	Мотор їсть масло
Бак полный	Бак повний
Колёса накачаны	Колеса накачані
Клиент: «Скрипит и плохо тормозит»	Клієнт: «Скрипить і погано гальмує»
Клиент: «На кочках стучит спереди, машину бросает»	Клієнт: «На купинах стукає спереду, машину кидає»
Клиент: «Газую — обороты растут, а не едет, пахнет горелым»	Клієнт: «Газую — оберти ростуть, а не їде, пахне паленим»
Клиент: «Дымит сизым и масло ест»	Клієнт: «Димить сизим і масло їсть»
Клиент: «Резина лысая, на мокром ведёт»	Клієнт: «Гума лиса, на мокрому веде»
дом в городе	будинок у місті
квартиру в шестиэтажке	квартиру в шестиповерхівці
квартиру на 9-м этаже у бурсы	квартиру на 9-му поверсі біля бурси
Машина — она как человек: не лечишь — ломается.	Машина — вона як людина: не лікуєш — ламається.
Покраска полчаса, колодки — минут сорок. Подгоняй к воротам.	Фарбування пів години, колодки — хвилин сорок. Підганяй до воріт.
Корочку автослесаря в бурсе получишь — бери смены, мне руки нужны.	Посвідчення автослюсаря в бурсі отримаєш — бери зміни, мені руки потрібні.
Свежее сало, молоко с утра! Рынок до четырёх.	Свіже сало, молоко зранку! Ринок до четвертої.
В лавке «К свадьбе» кольца — золото настоящее, не сомневайся.	В ятці «До весілля» обручки — золото справжнє, не сумнівайся.
Ярмарка у нас по выходным — урожай везут со всего района.	Ярмарок у нас на вихідних — урожай везуть з усього району.
Права при себе? Документы — первое дело.	Права при собі? Документи — перша справа.
В патруль берём с правами. Смена — триста гривен.	У патруль беремо з правами. Зміна — триста гривень.
Гоняешь — штрафуем. Ездишь аккуратно — уважаем.	Ганяєш — штрафуємо. Їздиш акуратно — поважаємо.
Двор мету с шести утра. Чисто, как в Москве!	Двір мету з шостої ранку. Чисто, як у Києві!
Детвора с площадки мячом окна побила — опять.	Дітлахи з майданчика м'ячем вікна побили — знову.
В пятиэтажках лифтов нет, а на пятый этаж — пешком.	У п'ятиповерхівках ліфтів немає, а на п'ятий поверх — пішки.
Бурса — это сила! После курсов — сразу на СТО.	Бурса — це сила! Після курсів — одразу на СТО.
Экзамен у нас строгий: пять вопросов, надо четыре.	Іспит у нас суворий: п'ять запитань, треба чотири.
Колька из Каменки, говорят, на мопеде до моста быстрее всех.	Колька з Кам'янки, кажуть, на мопеді до мосту швидше за всіх.
БАНК	БАНК
АВТОРЫНОК	АВТОРИНОК
ПРОДАНО	ПРОДАНО
СТО «АВТОСЕРВИС»	СТО «АВТОСЕРВІС»
СТО «Автосервис» работает с 8:00 до 20:00	СТО «Автосервіс» працює з 8:00 до 20:00
E — мастер: покраска и замена запчастей на новые	E — майстер: фарбування і заміна запчастин на нові
Мастер СТО: «Без корочки автослесаря не возьму. Курсы — в бурсе»	Майстер СТО: «Без посвідчення автослюсаря не візьму. Курси — в бурсі»
Мастер СТО: «Машина клиента на подъёмнике — найди, что сломано»	Майстер СТО: «Машина клієнта на підйомнику — знайди, що зламано»
E — сдать машину клиенту: +%d грн	E — здати машину клієнту: +%d грн
Мастер СТО: «На сегодня хватит, приходи завтра»	Майстер СТО: «На сьогодні досить, приходь завтра»
СТО работает с 8:00 до 18:00	СТО працює з 8:00 до 18:00
E — смена механиком на СТО: принять машину, починить, сдать — +%d грн (%s)	E — зміна механіком на СТО: прийняти машину, полагодити, здати — +%d грн (%s)
Слишком устал для смены. Выспись	Надто втомився для зміни. Виспись
%s. Машина на подъёмнике — осмотри и поменяй что нужно	%s. Машина на підйомнику — оглянь і заміни що треба
СТО — что менять?	СТО — що міняти?
Снимаю и проверяю	Знімаю і перевіряю
Не то: снял, посмотрел — целое. Клиент ждёт, ищи дальше (премии уже не будет)	Не те: зняв, подивився — ціле. Клієнт чекає, шукай далі (премії вже не буде)
Меняю: %s	Міняю: %s
Поменял: %s. Сдай машину мастеру — клиент ждёт	Замінив: %s. Здай машину майстру — клієнт чекає
Клиент забрал машину: «Как новая!» +%d грн%s	Клієнт забрав машину: «Як нова!» +%d грн%s
(с премией)	(з премією)
E — осмотреть машину клиента. %s	E — оглянути машину клієнта. %s
Машина починена — сдай её мастеру у ворот	Машину полагоджено — здай її майстру біля воріт
СТО: машина на подъёмнике — найди поломку (%s)	СТО: машина на підйомнику — знайди поломку (%s)
Клиент:	Клієнт:
машина клиента	машина клієнта
СТО: сдай машину мастеру, +%d грн	СТО: здай машину майстру, +%d грн
мастер СТО	майстер СТО
E — купить гараж за %d грн: чинить машину самому, бесплатно	E — купити гараж за %d грн: лагодити машину самому, безкоштовно
Твой гараж: подгони машину к воротам — подлатаешь сам	Твій гараж: піджени машину до воріт — підлатаєш сам
%s в порядке — %d%%	%s у порядку — %d%%
E — подлатать %s самому: +30%%, 2 часа, бесплатно	E — підлатати %s самому: +30%%, 2 години, безкоштовно
Купил гараж на Заводской! Здесь можно чинить машину самому	Купив гараж на Заводській! Тут можна лагодити машину самому
Чиню в гараже	Лагоджу в гаражі
Подлатал сам: %s — %d%%. %s	Підлатав сам: %s — %d%%. %s
ТВОЙ ГАРАЖ	ТВІЙ ГАРАЖ
ПТУ №17 · БУРСА	ПТУ №17 · БУРСА
Автослесари · водители · электрики	Автослюсарі · водії · електрики
Курсы для всех желающих	Курси для всіх охочих
Бурса: корочка автослесаря у тебя есть — на СТО «Автосервис» берут на смену	Бурса: посвідчення автослюсаря в тебе є — на СТО «Автосервіс» беруть на зміну
Бурса: занятия курсов с 8:00 до 17:00	Бурса: заняття курсів з 8:00 до 17:00
Бурса: «На сегодня всё, приходи завтра»	Бурса: «На сьогодні все, приходь завтра»
E — экзамен на автослесаря: 5 вопросов, нужно 4 верных	E — іспит на автослюсаря: 5 запитань, потрібно 4 правильні
E — курсы автослесаря: %d грн за всё, %d урока по 2 часа и экзамен	E — курси автослюсаря: %d грн за все, %d уроки по 2 години та іспит
E — урок на курсах автослесаря: %d из %d (2 часа)	E — урок на курсах автослюсаря: %d з %d (2 години)
Бурса — экзамен на автослесаря	Бурса — іспит на автослюсаря
Бурса — урок %d из %d: устройство автомобиля	Бурса — урок %d з %d: будова автомобіля
Экзамен сдан (%s)! Корочка автослесаря — на СТО «Автосервис» берут на смену (+%d грн)	Іспит складено (%s)! Посвідчення автослюсаря — на СТО «Автосервіс» беруть на зміну (+%d грн)
Экзамен не сдан: %s, нужно 4 из 5. Пересдача завтра	Іспит не складено: %s, потрібно 4 з 5. Перескладання завтра
дальше экзамен	далі іспит
следующий урок завтра	наступний урок завтра
Урок в бурсе: оценка %d (%s). Пройдено %d из %d — %s	Урок у бурсі: оцінка %d (%s). Пройдено %d з %d — %s
Урок не засчитан: двойка (%s). Приходи завтра	Урок не зараховано: двійка (%s). Приходь завтра
Продаётся %s — за %d GEARCOIN (меню → GEARCOIN)	Продається %s — за %d GEARCOIN (меню → GEARCOIN)
E — купить %s за %d грн: можно ночевать в городе	E — купити %s за %d грн: можна ночувати в місті
Твой %s — спать у двери	Твій %s — спати біля дверей
Дом продаётся — договориться у калитки	Будинок продається — домовитися біля хвіртки
Купил %s! Теперь можно ночевать в городе — у двери «E — домой»	Купив %s! Тепер можна ночувати в місті — біля дверей «E — додому»
ПАРК КУЛЬТУРЫ	ПАРК КУЛЬТУРИ
И ОТДЫХА	І ВІДПОЧИНКУ
ЭСТРАДА	ЕСТРАДА
КОЛЕСО ОБОЗРЕНИЯ	ОГЛЯДОВЕ КОЛЕСО
Колесо обозрения работает с 10:00 до 22:00	Оглядове колесо працює з 10:00 до 22:00
E — прокатиться с Олей на колесе обозрения (%d грн за двоих, 15 мин)	E — прокотитися з Олею на оглядовому колесі (%d грн за двох, 15 хв)
E — прокатиться на колесе обозрения (%d грн, 15 мин): весь город как на ладони	E — прокотитися на оглядовому колесі (%d грн, 15 хв): усе місто як на долоні
Прокатились с Олей на колесе обозрения. На самом верху она взяла тебя за руку: «Смотри, вон наша Каменка!»	Прокаталися з Олею на оглядовому колесі. На самій горі вона взяла тебе за руку: «Дивись, он наша Кам'янка!»
Прокатился на колесе обозрения: видно и Каменку, и реку, и завод. Отдохнул	Прокотився на оглядовому колесі: видно і Кам'янку, і річку, і завод. Відпочив
ВОКЗАЛ	ВОКЗАЛ
ДЛЯ ДОМА	ДЛЯ ДОМУ
АВТОЗАПЧАСТИ	АВТОЗАПЧАСТИНИ
К СВАДЬБЕ	ДО ВЕСІЛЛЯ
РЫНОК	РИНОК
Рынок работает с 7:00 до 16:00	Ринок працює з 7:00 до 16:00
E — товары для дома: ковёр, магнитофон, холодильник, кресло	E — товари для дому: килим, магнітофон, холодильник, крісло
E — запчасти: спидометр, глушак, бак, колёса, диски	E — запчастини: спідометр, глушник, бак, колеса, диски
E — к свадьбе: золотое кольцо, свадебное платье	E — до весілля: золота обручка, весільна сукня
E — купить овощи, сало и молоко (%d грн)	E — купити овочі, сало і молоко (%d грн)
E — %s: выбрать товар, поторговаться	E — %s: обрати товар, поторгуватися
Купил на рынке овощей, сала и молока. Съесть — Q	Купив на ринку овочів, сала і молока. З'їсти — Q
СТАДИОН «КОЛОС»	СТАДІОН «КОЛОС»
ГСК «МОТОР»	ГБК «МОТОР»
ЗАВОД «ИСКРА»	ЗАВОД «ІСКРА»
ПАХОТА	ОРАНКА
борозда %d из %d	борозна %d з %d
Пахота: на сегодня наряд выполнен. Завтра приходи	Оранка: на сьогодні наряд виконано. Завтра приходь
Пахота: наряды с 7:00 до 19:00	Оранка: наряди з 7:00 до 19:00
E — взять наряд на пахоту: 6 борозд на поле к востоку, +%d грн	E — взяти наряд на оранку: 6 борозен на полі на схід, +%d грн
Бригадир: «Садись на МТ-80 — и на поле за дорогой. Борозды ровно, через кольца!»	Бригадир: «Сідай на МТ-80 — і на поле за дорогою. Борозни рівно, через кільця!»
Пахота сорвана: %s. Наряд можно взять снова	Оранку зірвано: %s. Наряд можна взяти знову
, премия за скорость +%d	, премія за швидкість +%d
Поле вспахано за %d:%02d! +%d грн%s	Поле зорано за %d:%02d! +%d грн%s
Дом-то какой отгрохал! Кирпич, черепица — хозяин!	Ото дім відгрохав! Цегла, черепиця — господар!
Новый дом у тебя — любо-дорого! Избу не узнать.	Новий дім у тебе — любо глянути! Хату не впізнати.
Говорят, ты теперь при своём деле? Уважаю.	Кажуть, ти тепер при своїй справі? Поважаю.
Видали тебя на новой машине! Разбогател, гляжу.	Бачили тебе на новій машині! Розбагатів, дивлюся.
Права получил? Молодец, теперь по-людски ездишь.	Права отримав? Молодець, тепер по-людськи їздиш.
Машину-то почини — гремит на всю деревню!	Машину ж полагодь — гримить на все село!
Денег, говорят, куры не клюют. Не зазнавайся!	Грошей, кажуть, кури не клюють. Не зазнавайся!
Ой, сынок, дом-то какой! Мать бы порадовалась.	Ой, синку, який дім! Мати б зраділа.
На машине новой? Прокатишь старуху до города?	На машині новій? Підвезеш стару до міста?
Здравствуй, сынок! В сельмаге хлеб дешевле, чем в городском ларьке.	Здрастуй, синку! У сільмазі хліб дешевший, ніж у міському кіоску.
В колхозе «Заря» сено грузят — платят четыреста за смену. Только не в дождь.	У колгоспі «Зоря» сіно вантажать — платять чотириста за зміну. Тільки не в дощ.
Дом бы тебе новый... Прораб у твоей калитки за двенадцать тысяч возьмётся.	Дім би тобі новий... Виконроб біля твоєї хвіртки за дванадцять тисяч візьметься.
Ночью фонари горят, а раньше тут темень была — хоть глаз выколи.	Уночі ліхтарі горять, а раніше тут темрява була — хоч в око стрель.
Гремит твоя машина, как мой трактор в сорок девятом. К Ваське езжай!	Гримить твоя машина, як мій трактор у сорок дев'ятому. До Васька їдь!
С правами, значит? В наше время права давали тому, кто трактор заведёт.	З правами, отже? За наших часів права давали тому, хто трактор заведе.
Семёрка твоя без бензина не поедет. Заправка у трассы, напротив деревни.	Сімка твоя без бензину не поїде. Заправка біля траси, навпроти села.
В дождь по грунтовке не гоняй — засядешь по самые пороги.	У дощ по ґрунтовці не ганяй — сядеш по самі пороги.
Со склада в городе хлеб к нам возят. Есть машина — бери заказ, пятьсот платят.	Зі складу в місті хліб до нас возять. Є машина — бери замовлення, п'ятсот платять.
Скрежещешь коробкой? Сцепление выжимай, а то на СТО всё и оставишь.	Скрегочеш коробкою? Зчеплення вичавлюй, бо на СТО все й залишиш.
Своё дело открыл? Только колхоз не забывай!	Свою справу відкрив? Тільки колгосп не забувай!
Кирпичный дом! Небось и колхозная премия там кирпичиком легла.	Цегляний дім! Мабуть, і колгоспна премія там цеглинкою лягла.
Работа есть — с семи до семи. Жми E у ворот сарая.	Робота є — з сьомої до сьомої. Тисни E біля воріт сараю.
Вилы в руки — и три часа на сене. Устанешь, зато четыреста в кармане.	Вила в руки — і три години на сіні. Втомишся, зате чотириста в кишені.
Выспись сначала. Сонный на скирде — это не работник.	Виспись спершу. Сонний на скирті — це не працівник.
Может, и меня в поликлинику свозишь на своей новой?	Може, і мене в поліклініку звозиш на своїй новій?
Автобус в город ходит с шести утра до десяти вечера. Пятнадцать гривен.	Автобус у місто ходить із шостої ранку до десятої вечора. П'ятнадцять гривень.
В городе у склада остановка — оттуда обратно так же уедешь.	У місті біля складу зупинка — звідти назад так само поїдеш.
Жду вот, в поликлинику надо...	Чекаю ось, у поліклініку треба...
Так ты теперь хозяин СТО? Ну, начальник, работаем!	То ти тепер господар СТО? Ну, начальнику, працюємо!
Новую взял? Пригоняй, посмотрим, что у неё под капотом.	Нову взяв? Приганяй, подивимося, що в неї під капотом.
Приезжай, подлатаю. По старой дружбе — без очереди.	Приїжджай, підлатаю. По старій дружбі — без черги.
Загоняй машину в бокс — посмотрю. Двадцать пять гривен за процент износа.	Заганяй машину в бокс — подивлюся. Двадцять п'ять гривень за відсоток зносу.
Заглохнет сама на ходу — значит, изношена. Не тяни, приезжай.	Заглухне сама на ходу — значить, зношена. Не тягни, приїжджай.
Удары, скрежет, глохнешь — всё это машину убивает.	Удари, скрегіт, глухнеш — усе це машину вбиває.
Писем вам нет, только квитанция за свет.	Листів вам немає, тільки квитанція за світло.
Вся Каменка на мне — от пруда до трассы, два раза в день.	Уся Кам'янка на мені — від ставка до траси, двічі на день.
Говорят, в город на машине быстрее, чем автобусом. Если бензин есть.	Кажуть, у місто на машині швидше, ніж автобусом. Якщо бензин є.
E — опустить письмо в ящик	E — вкинути лист у скриньку
ПИСЬМО	ЛИСТ
E — поговорить: %s	E — поговорити: %s
E — поговорить: %s  (!)	E — поговорити: %s  (!)
Доброе утро!	Доброго ранку!
Добрый день!	Добрий день!
Добрый вечер!	Добрий вечір!
Не спится? Ночь на дворе.	Не спиться? Ніч надворі.
E — поговорить: %s%s	E — поговорити: %s%s
Письмо в ящике	Лист у скриньці
Дядя Владик доверяет больше: уровень %d — %s. «%s»	Дядько Владик довіряє більше: рівень %d — %s. «%s»
E — поговорить с Дядей Владиком%s	E — поговорити з Дядьком Владиком%s
Сначала свой мопед на ноги поставь. Потом поговорим о работе.	Спершу свій мопед на ноги постав. Потім поговоримо про роботу.
Ты сперва с «%s» разберись: %s	Ти спершу з «%s» розберися: %s
Работа есть, да рано тебе. Подтяни доверие — уровень %d.	Робота є, та рано тобі. Підтягни довіру — рівень %d.
Всё, что было, переделали. Заходи — новое появится, свистну.	Усе, що було, переробили. Заходь — нове з'явиться, свисну.
E — осмотреть двигатель с Владиком	E — оглянути двигун із Владиком
Так… Свеча в нагаре, масло в баке — одно название, цепь висит. И бензокран, гляди, засран. Купи у меня свечу и масло — дальше сам.	Так… Свічка в нагарі, масло в баку — одна назва, ланцюг висить. І бензокран, глянь, засмічений. Купи в мене свічку і масло — далі сам.
E — проверить и подтянуть цепь	E — перевірити й підтягнути ланцюг
Палец — провис. Подтянули. Смажь потом, не жмись.	Палець — провис. Підтягнули. Змаж потім, не скупися.
E — продуть бензокран и фильтр	E — продути бензокран і фільтр
Вот она, грязь. Продули — бензин пошёл как надо.	Ось вона, бруд. Продули — бензин пішов як треба.
E — поставить свечу и залить масло	E — поставити свічку і залити масло
Свеча на место, масло в бак один к пятидесяти. Ну, заводи — проверим.	Свічка на місце, масло в бак один до п'ятдесяти. Ну, заводь — перевіримо.
Дядя Владик: «Свечу и масло сперва купи — у меня, «Купить запчасти»»	Дядько Владик: «Свічку й масло спершу купи — в мене, «Купити запчастини»»
Чиним «Карпаты» с Владиком	Лагодимо «Карпати» з Владиком
E — разбирать «копейку» (заход %d из 3, 40 мин)	E — розбирати «копійку» (захід %d з 3, 40 хв)
Разбираю «копейку»	Розбираю «копійку»
Открутил и снял: %s. Лежит в запасе — Владик купит	Відкрутив і зняв: %s. Лежить у запасі — Владик купить
E — порыться в куче лома (колесо для Владика)	E — пориштися в купі брухту (колесо для Владика)
E — порыться в куче лома (двигатель для Владика)	E — пориштися в купі брухту (двигун для Владика)
Роюсь в куче лома	Риюся в купі брухту
Под ржавым капотом — колесо. Старое, но целое	Під іржавим капотом — колесо. Старе, але ціле
Из-под кузова «Столичника» торчит мотор. Тяжёлый, но живой — грузи	З-під кузова «Столичника» стирчить мотор. Важкий, але живий — вантаж
Купил у Владика: %s (%s) — %d грн	Купив у Владика: %s (%s) — %d грн
Владик поставил на «%s»: %s, %s (−%d грн)	Владик поставив на «%s»: %s, %s (−%d грн)
Владик поставил на «%s»: %s (−%d грн)	Владик поставив на «%s»: %s (−%d грн)
Дядя Владик: «Ты чего? Это ж для твоих «Карпат». Оставь»	Дядько Владик: «Ти чого? Це ж для твоїх «Карпат». Залиш»
Продал Владику: %s — +%d грн	Продав Владику: %s — +%d грн
Дядя Владик купил «%s» за %d грн	Дядько Владик купив «%s» за %d грн
простые запчасти	прості запчастини
ремонт мотоциклов	ремонт мотоциклів
редкие мотоциклетные детали	рідкісні мотоциклетні деталі
ремонт автомобилей	ремонт автомобілів
редкие автомобили и детали	рідкісні автомобілі й деталі
новая	нова
б/у	б/в
старая	стара
Свеча зажигания А11	Свічка запалювання А11
Масло для двухтактника, литр	Масло для двотактника, літр
Цепь мопедная	Ланцюг мопедний
Аккумулятор 6 В	Акумулятор 6 В
Прямоток от гоночной «Влтавы»	Прямотік від гоночної «Влтави»
Бак от «Иртыша-Спорт»	Бак від «Іртиша-Спорт»
Колёса от «Тайги» с внедорожной резиной	Колеса від «Тайги» з позашляховою гумою
Прямоток «как у таксистов»	Прямотік «як у таксистів»
Дополнительный бак	Додатковий бак
Металлолом	Металобрухт
Старое колесо	Старе колесо
Старый аккумулятор	Старий акумулятор
Старый двигатель	Старий двигун
Карбюратор К-62 (редкий)	Карбюратор К-62 (рідкісний)
Свеча зажигания	Свічка запалювання
Масло для двухтактника	Масло для двотактника
Это ты его таким купил?	Це ти його таким купив?
Ты	Ти
А что с ним?	А що з ним?
С ним? Да почти ничего. Только ездить не хочет. Загоняй в гараж — глянем.	З ним? Та майже нічого. Тільки їздити не хоче. Заганяй у гараж — глянемо.
Здоров. Владик. Чиню, что ездит, и что не ездит — тоже.	Здоров. Владик. Лагоджу те, що їздить, і те, що не їздить, — теж.
А «Карпаты» мои глянешь?	А «Карпати» мої глянеш?
Пригоняй — глянем. Только не на буксире, ладно? Хотя… можно и на буксире.	Приганяй — глянемо. Тільки не на буксирі, гаразд? Хоча… можна й на буксирі.
Свечу выкрути и глянь: чёрная — богато льёшь, белая — бедно. Коричневая — живи спокойно.	Свічку викрути і глянь: чорна — багато ллєш, біла — бідно. Коричнева — живи спокійно.
Цепь провисает больше чем на палец — подтяни. Слетит на ходу — сам потом и побежишь.	Ланцюг провисає більше ніж на палець — підтягни. Злетить на ходу — сам потім і побіжиш.
На двухтактнике масло в бензин — один к пятидесяти. Пожалеешь масла — пожалеешь мотор.	На двотактнику масло в бензин — один до п'ятдесяти. Пошкодуєш масла — пошкодуєш мотор.
Не газуй на холодную. Мотор — как человек: с утра его сперва разбудить надо.	Не газуй на холодну. Мотор — як людина: зранку його спершу розбудити треба.
У меня «Влтава» в восемьдесят девятом была. Красная, как пожарная. Ни одна девка мимо не проходила. И ни один гаишник.	У мене «Влтава» у вісімдесят дев'ятому була. Червона, як пожежна. Жодна дівка повз не проходила. І жоден даїшник.
«Ушастик» с одной отвёрткой разобрать можно. Собрать — уже не всегда.	«Вухастика» однією викруткою розібрати можна. Зібрати — вже не завжди.
Резину меняй вовремя. Лысая резина — это как лысый вратарь: красиво, но не держит.	Гуму міняй вчасно. Лиса гума — це як лисий воротар: гарно, але не тримає.
Если стучит — не делай музыку громче. Делай остановку.	Якщо стукає — не роби музику гучніше. Роби зупинку.
Был у нас в колхозе тракторист, ГМЗ-53 на одной проволоке два года ездил. Потом проволока кончилась.	Був у нас у колгоспі тракторист, ГМЗ-53 на одному дроті два роки їздив. Потім дріт скінчився.
Ключ на десять — первый друг. Второй — ключ на тринадцать. Третьего друга у механика не бывает.	Ключ на десять — перший друг. Другий — ключ на тринадцять. Третього друга в механіка не буває.
Деталь с рук бери, только если глянул сам. «Как новая» — это всегда не новая.	Деталь із рук бери, тільки якщо глянув сам. «Як нова» — це завжди не нова.
Аккумулятор зимой домой забирай. Он мороз любит не больше твоего.	Акумулятор узимку додому забирай. Він мороз любить не більше за тебе.
Слушай, чего зря языком чесать — работа стоит.	Слухай, чого дарма язиком плескати — робота стоїть.
Давай по делу. У меня мотор раскидан.	Давай по ділу. У мене мотор розкиданий.
Ещё раз «а как», и я тебе ключ дам — сам попробуешь.	Ще раз «а як», і я тобі ключ дам — сам спробуєш.
Руки у тебя растут откуда надо. Мотоциклы твои теперь тоже смотрю.	Руки в тебе ростуть звідки треба. Мотоцикли твої тепер теж дивлюся.
Ладно. Есть у меня кое-что редкое для мотоциклов — для своих.	Гаразд. Є в мене дещо рідкісне для мотоциклів — для своїх.
Машину пригоняй — глянем, без очереди. И «копейка» во дворе есть — давай её вместе поднимем.	Машину приганяй — глянемо, без черги. І «копійка» у дворі є — давай її разом піднімемо.
Ты теперь свой. Редкое — тебе первому. А будет своё СТО — позови, пойду.	Ти тепер свій. Рідкісне — тобі першому. А буде своє СТО — поклич, піду.
Растительность:	Рослинність:
Мир: %d треугольников в одном меше, %d коллизий	Світ: %d трикутників в одному меші, %d колізій
Утро в Каменке. Задание — слева вверху, журнал — J, управление — F1	Ранок у Кам'янці. Завдання — ліворуч угорі, журнал — J, керування — F1
Пеше-	Пішо-
ходный	хідний
переход	перехід
ГОРОД	МІСТО
E — лечь спать до 7:00	E — лягти спати до 7:00
Прораб: «Лучше дома в Каменке нет, хозяин!»	Виконроб: «Кращого дому в Кам'янці немає, господарю!»
E — прораб: построить %s за %d грн	E — виконроб: збудувати %s за %d грн
ГАРАЖ · РЕМОНТ	ГАРАЖ · РЕМОНТ
E — сельмаг: хлеб, бургер, вода, ремнабор	E — сільмаг: хліб, бургер, вода, ремнабір
Продавщица принимает рыбу по %d грн	Продавчиня приймає рибу по %d грн
E — сдать рыбу: %d шт × %d грн	E — здати рибу: %d шт × %d грн
Купил ремнабор (в запасе %d). Чинить — в инвентаре, рядом со своей машиной или мотоциклом	Купив ремнабір (у запасі %d). Лагодити — в інвентарі, поруч зі своєю машиною чи мотоциклом
Сельмаг закрыт. Попить можно из колонки на улице	Сільмаг зачинено. Попити можна з колонки на вулиці
Выпил бутылку воды. Вода %d%%	Випив пляшку води. Вода %d%%
E — попить из колонки	E — попити з колонки
Напился холодной воды из колонки. Вода 100%	Напився холодної води з колонки. Вода 100%
Рыбы нет. Порыбачь на пруду с мостков	Риби немає. Порибаль на ставку з кладки
Сдал рыбу: +%d грн	Здав рибу: +%d грн
Хлеб и молоко	Хліб і молоко
хлеб — в запас (съесть — Q), молоко выпьешь сразу: вода +25%	хліб — у запас (з'їсти — Q), молоко вип'єш одразу: вода +25%
Бургер с котлетой	Бургер з котлетою
съешь сразу: сытость +60%	з'їси одразу: ситість +60%
Бутылка воды	Пляшка води
вода +70%	вода +70%
для своей машины или мотоцикла: +40% к состоянию (инвентарь — I)	для своєї машини чи мотоцикла: +40% до стану (інвентар — I)
Сельмаг закрыт. Работает с 8:00 до 21:00	Сільмаг зачинено. Працює з 8:00 до 21:00
Купил хлеб и молоко, молоко выпил сразу. Съесть хлеб — Q	Купив хліб і молоко, молоко випив одразу. З'їсти хліб — Q
Съел бургер с котлетой. Сытость %d%%	З'їв бургер з котлетою. Ситість %d%%
А	А
E — автобус до %s (%d грн)	E — автобус до %s (%d грн)
города	міста
Каменки	Кам'янки
Автобусы ходят с 6:00 до 22:00	Автобуси ходять з 6:00 до 22:00
Приехал %s. %s	Приїхав %s. %s
в город	у місто
в Каменку	у Кам'янку
E — порыбачить: закинуть удочку	E — порибалити: закинути вудку
Ночью не клюёт. Лучше всего — на рассвете	Уночі не клює. Найкраще — на світанку
Глаза слипаются — уснёшь с удочкой	Очі злипаються — заснеш із вудкою
Вот это да — СОМ на %.1f кг! Как четыре рыбы. В ведре: %d	Оце так — СОМ на %.1f кг! Як чотири риби. У відрі: %d
Щука на %.1f кг! Как две рыбы. В ведре: %d	Щука на %.1f кг! Як дві риби. У відрі: %d
карась	карась
окунь	окунь
плотва	плітка
линь	лин
Есть! %s на %d г. Рыбы в ведре: %d — сдай в сельмаг	Є! %s на %d г. Риби у відрі: %d — здай у сільмаг
Рано дёрнул — рыба ушла. Жди, пока поплавок нырнёт	Рано смикнув — риба пішла. Чекай, поки поплавець пірне
Сорвалась! Подсекай сразу, как поплавок уйдёт под воду	Зірвалася! Підсікай одразу, як поплавець піде під воду
Не клюёт. Закинь ещё раз	Не клює. Закинь ще раз
Город · Склад	Місто · Склад
Роща «Берёзки»	Гай «Берізки»
← Город 750 м	← Місто 750 м
200 м	200 м
%d грн/л	%d грн/л
— в запасе %d л	— у запасі %d л
E — канистра бензина 10 л (%d грн)%s	E — каністра бензину 10 л (%d грн)%s
Больше %d л в канистрах не увезти	Більше %d л у каністрах не довезти
Купил канистру бензина (в запасе %d л). Залить — в инвентаре (I), рядом со своей машиной или мотоциклом	Купив каністру бензину (у запасі %d л). Залити — в інвентарі (I), поруч зі своєю машиною чи мотоциклом
Заправка: подгони машину или мотоцикл к колонкам	Заправка: піджени машину чи мотоцикл до колонок
У колонок нет ни машины, ни мотоцикла	Біля колонок немає ні машини, ні мотоцикла
Не хватает денег даже на литр	Бракує грошей навіть на літр
ТЮНИНГ	ТЮНІНГ
СТО: загони машину или мотоцикл в гараж	СТО: заганяй машину чи мотоцикл у гараж
Механик: «%s в порядке — %d%%»	Механік: «%s у порядку — %d%%»
E — починить: %s (%d%%) за %d грн, 1 час	E — полагодити: %s (%d%%) за %d грн, 1 година
Механик перебрал машину: 100%%. %s	Механік перебрав машину: 100%%. %s
Тюнинг: сначала подгони машину или мотоцикл к СТО	Тюнінг: спершу піджени машину чи мотоцикл до СТО
На %s уже всесезонная резина	На %s уже всесезонна гума
E — всесезонная резина на %s: держит на грунте и в грязи (%d грн)	E — всесезонна гума на %s: тримає на ґрунті та в багнюці (%d грн)
Мотор %s уже форсирован	Мотор %s уже форсовано
E — форсировать мотор %s: +20%% тяги (%d грн)	E — форсувати мотор %s: +20%% тяги (%d грн)
E — перекрасить %s: сейчас %s, будет %s (%d грн)	E — перефарбувати %s: зараз %s, буде %s (%d грн)
Поставили всесезонку: теперь по грунту и в грязи держит лучше	Поставили всесезонку: тепер по ґрунту і в багнюці тримає краще
Мотор форсирован: тянет заметно бодрее. %s	Мотор форсовано: тягне помітно бадьоріше. %s
%s теперь %s!	%s тепер %s!
Колхоз «Заря» →	Колгосп «Зоря» →
УСТУПИ	ПОСТУПИСЬ
ДОРОГУ	ДОРОГОЮ
↑ Поля · Лесная дорога	↑ Поля · Лісова дорога
Лесная дорога ↑	Лісова дорога ↑
Мост · Поля	Міст · Поля
р. Каменка	р. Кам'янка
телевизор «Экран»	телевізор «Екран»
в комнате	у кімнаті
щенка Шарика	цуценя Сірка
у будки во дворе	біля будки у дворі
теплицу на огород	теплицю на город
за домом — картошка растёт в полтора раза быстрее	за домом — картопля росте в півтора раза швидше
ПЛОЩАДЬ МИРА	ПЛОЩА МИРУ
ТАКСИ	ТАКСІ
КАФЕ «ВСТРЕЧА»	КАФЕ «ЗУСТРІЧ»
ХОЗТОВАРЫ	ГОСПТОВАРИ
E — пообедать в кафе: борщ, котлета с пюре, компот (%d грн, 40 мин)	E — пообідати в кафе: борщ, котлета з пюре, компот (%d грн, 40 хв)
Кафе закрыто: работает с 8:00 до 21:00	Кафе зачинено: працює з 8:00 до 21:00
Горячий обед! Сытость и силы прибавились. %s	Гарячий обід! Ситість і сили додалися. %s
«Хозтовары»: %s у тебя уже есть	«Господарські товари»: %s у тебе вже є
E — купить %s (%d грн): будет %s	E — купити %s (%d грн): буде %s
Купил %s — привезут домой, будет %s	Купив %s — привезуть додому, буде %s
с авторынка, на ходу. Вездеход — грязь и лес ей нипочём	з авторинку, на ходу. Всюдихід — багнюка і ліс їй байдужі
быстрая и мягкая, в такси платят больше	швидка і м'яка, в таксі платять більше
грузовик с авторынка, после колхоза — развоз хлеба вдвое дороже	вантажівка з авторинку, після колгоспу — розвезення хліба вдвічі дорожче
двухцилиндровый мотоцикл, мощнее «Влтавы», два глушителя	двоциліндровий мотоцикл, потужніший за «Влтаву», два глушники
«семёрка»: хромированная решётка, мотор сильнее, чем у «шестёрки»	«сімка»: хромована решітка, мотор сильніший, ніж у «шістки»
АВТОСАЛОН	АВТОСАЛОН
СТАРТ	СТАРТ
Автошкола ↓	Автошкола ↓
Экзамен	Іспит
Заезд с Колькой	Заїзд із Колькою
на трассу, налево	на трасу, ліворуч
по трассе на восток	по трасі на схід
финиш — у моста через Быструю	фініш — біля мосту через Бистру
Инструктор: «Права у тебя есть. Можешь потренироваться — %d грн»	Інструктор: «Права в тебе є. Можеш потренуватися — %d грн»
Инструктор: «Экзамен идёт — учебная «Семёрка» на старте автодрома»	Інструктор: «Іспит іде — навчальна «Сімка» на старті автодрому»
Инструктор: «На права нужны паспорт (сельсовет) и медсправка (больница)»	Інструктор: «На права потрібні паспорт (сільрада) і медична довідка (лікарня)»
E — сдать на права: змейка, разворот, стоянка (%d грн)	E — скласти на права: змійка, розворот, стоянка (%d грн)
Инструктор: «Ты за рулём учебной «Семёрки» на старте. Змейка, разворот, в конце — встань в разметку «P». Конусы не сбивай»	Інструктор: «Ти за кермом навчальної «Сімки» на старті. Змійка, розворот, наприкінці — стань у розмітку «P». Конуси не збивай»
Сдал за %d с! Права в кармане (журнал J → «Водительское удостоверение»). Теперь — первая машина: соседская «Семёрка» продаётся напротив дома	Склав за %d с! Права в кишені (журнал J → «Посвідчення водія»). Тепер — перша машина: сусідська «Сімка» продається навпроти дому
Чисто прошёл за %d с, конусов сбито: %d	Чисто пройшов за %d с, конусів збито: %d
Не сдал: %s. Пересдача — у инструктора	Не склав: %s. Перескладання — в інструктора
Колька: «Ну, давай! Старт — жёлтый круг, финиш — у моста через Быструю»	Колька: «Ну, давай! Старт — жовте коло, фініш — біля мосту через Бистру»
Колька: «Сегодня уже гоняли. Приходи завтра»	Колька: «Сьогодні вже ганяли. Приходь завтра»
E — Колька: «Спорим на %d, что до моста за %d с не доедешь?»	E — Колька: «Б'ємося об заклад на %d, що до мосту за %d с не доїдеш?»
Колька: «Садись на «Семёрку» или «Влтаву» и въезжай в жёлтый круг — время пойдёт»	Колька: «Сідай на «Сімку» або «Влтаву» і заїжджай у жовте коло — час піде»
Успел за %.1f с! Колька отдаёт %d грн: «Ну ты гонщик!»	Встиг за %.1f с! Колька віддає %d грн: «Ну ти гонщик!»
Колька: «Ха! %s — ставка моя. Завтра реванш?»	Колька: «Ха! %s — ставка моя. Завтра реванш?»
не успел	не встиг
КОЛХОЗ «ЗАРЯ»	КОЛГОСП «ЗОРЯ»
тюк сена	тюк сіна
Бригадир ушёл домой. Работа в колхозе с 7:00 до 19:00	Бригадир пішов додому. Робота в колгоспі з 7:00 до 19:00
Сил нет вилы держать. Выспись	Сил немає вила тримати. Виспись
Сено в дождь не грузят — приходи, как распогодится	Сіно в дощ не вантажать — приходь, як розпогодиться
E — купить лекарство для тёти Люды (60 грн)	E — купити ліки для тітки Люди (60 грн)
E — купить батон и кефир (45 грн)	E — купити батон і кефір (45 грн)
мешок	мішок
Склад закрыт. Работа с 6:00 до 20:00	Склад зачинено. Робота з 6:00 до 20:00
Слишком устал, чтобы таскать мешки. Выспись	Надто втомився, щоб тягати мішки. Виспись
Хлеб в машине — вези в сельмаг «Каменка»	Хліб у машині — вези в сільмаг «Кам'янка»
E — развоз: хлеб в сельмаг на машине, +%d грн	E — розвезення: хліб у сільмаг на машині, +%d грн
Подгони машину к складу — хлеб грузят в багажник	Піджени машину до складу — хліб вантажать у багажник
Полный кузов хлеба на ГМЗ-53 — за развоз заплатят вдвое	Повний кузов хліба на ГМЗ-53 — за розвезення заплатять удвічі
Купил лекарство. Отвези тёте Люде на остановку у Каменки	Купив ліки. Відвези тітці Люді на зупинку біля Кам'янки
Купил батон и кефир, кефир выпил сразу. Съесть батон — Q	Купив батон і кефір, кефір випив одразу. З'їсти батон — Q
%s Очнулся дома — соседи дотащили. На лекарства ушло %d грн	%s Отямився вдома — сусіди дотягли. На ліки пішло %d грн
Спать пока не хочется	Спати поки не хочеться
Выспался. %s. Игра сохранена	Виспався. %s. Гру збережено
сельмаг в селе %s	сільмаг у селі %s
больница в городе	лікарня в місті
рынок в городе	ринок у місті
площадь в городе	площа в місті
подвезти человека, куда скажет	підвезти людину, куди скаже
Приехали	Приїхали
Заправщик на АЗС	Заправник на АЗС
обслужить 4 машины у колонок (по 15 мин)	обслужити 4 машини біля колонок (по 15 хв)
Машину заправил	Машину заправив
колонка слева	колонка ліворуч
колонка справа	колонка праворуч
КЛУБ «КАМЕНКА»	КЛУБ «КАМ'ЯНКА»
«МЕТЕЛИЦА»	«МЕТЕЛИЦЯ»
соседская, 1978 года, на ходу. Ездить — только с правами	сусідська, 1978 року, на ходу. Їздити — тільки з правами
быстрее мопеда вдвое. Нужна категория A	удвічі швидший за мопед. Потрібна категорія A
